url,id,title,sold,rating,reviews,initial_price,final_price,currency,stock,favorite,image,video,seller_name,shop_url,breadcrumb,Product Specifications,Product Description,seller_rating,seller_products,seller_chats_responded_percentage,seller_chat_time_reply,seller_joined_date,seller_followers,variations,domain,brand,category_id,flash_sale,flash_sale_time,product_variation,gmv_cal,category_url,vouchers,is_available,seller_id,product_ratings
https://shopee.co.id/Kapal-Api-Special-Mix-24g-(1-renceng)-i.104672973.10730254839,10730254839,Kapal Api Special Mix 24g (1 renceng),153,4.96,23.0,,12999,IDR,66.0,10.0,"[""https://down-id.img.susercontent.com/file/8712ac753cd8137cbab5f380f89552b2"",""https://down-id.img.susercontent.com/file/8712ac753cd8137cbab5f380f89552b2_tn"",""https://deo.shopeemobile.com/shopee/shopee-pcmall-live-sg/5222d4ab0d91a1eca7959754168d7593.png"",""https://deo.shopeemobile.com/shopee/shopee-pcmall-live-sg/83e10a1f95cb083579c089448ef8dd3b.png""]",[],bearnice_pie,https://shopee.co.id/istari7,"[""Shopee"",""Food & Beverages"",""Beverages"",""Coffee""]","[{""name"":""Merek""},{""name"":""Formula Minuman"",""value"":""3-in-1 & Kopi Instan""},{""name"":""Masa Penyimpanan"",""value"":""3 Bulan""},{""name"":""Tanggal Kedaluwarsa"",""value"":""21-10-2025""},{""name"":""Stok"",""value"":""66""},{""name"":""Dikirim Dari"",""value"":""KOTA TANGERANG""}]",Kopi Kapal Api Special Mix 24gram 1 renceng (10 sachet),4.92,139.0,94,hitungan menit,5 tahun lalu,179,[],,,,,,,,,,,,
https://shopee.co.id/Gunting-Uk-kecil-Gunting-kecil-Montana-Gunting-M2000-kecil-i.92654195.11872737508,11872737508,Gunting Uk kecil - Gunting kecil Montana - Gunting M2000 kecil,76,4.93,27.0,,"IDRÂ 3,790.00",IDR,109.0,4.0,"[""https://down-id.img.susercontent.com/file/4378c2ea1528ee1a3005b16dde422393"",""https://down-id.img.susercontent.com/file/4378c2ea1528ee1a3005b16dde422393_tn"",""https://down-id.img.susercontent.com/file/555e4baed7aa0df6b1914cf6dc30224a_tn"",""https://down-id.img.susercontent.com/file/b445bd024dd7b90634f9788bd0331536_tn"",""https://down-id.img.susercontent.com/file/cdde7a3a5f8811444e5dc3cbf12cc2f0_tn"",""https://deo.shopeemobile.com/shopee/shopee-pcmall-live-sg/5222d4ab0d91a1eca7959754168d7593.png"",""https://deo.shopeemobile.com/shopee/shopee-pcmall-live-sg/83e10a1f95cb083579c089448ef8dd3b.png""]",[],Surakarta Adventure,https://shopee.co.id/surakarta_adv,"[""Shopee"",""Stationery & Books"",""School & Office Equipment"",""Scissors""]","[{""name"":""Merek""},{""name"":""Stok"",""value"":""109""},{""name"":""Dikirim Dari"",""value"":""KOTA SURAKARTA (SOLO)""}]","gunting ukuran kecil

>Ukuran Produk : Panjang cm x Lebar cm
>Stainless Steel Material
>Keras dan kokoh, kuat, tangguh, tajam, anti karat
>Cocok untuk sekolah, kantor dan rumah
> warna yang dikirim random, sesuai dengan stok yang ada (bisa montana/m2000)

harga di ats utk 1 pcs yak",4.75,428.0,70,hitungan jam,5 tahun lalu,2600,"[{""name"":""Warna"",""variations"":[""Kecil"",""Sedang""]}]",,,,,,,,,,,,
https://shopee.co.id/sepatu-booties-cuddleme-sepatu-bayi-sepatu-baby-newborn-i.62358181.11924406660,11924406660,sepatu booties cuddleme sepatu bayi sepatu baby newborn,44,5.0,17.0,,30000,IDR,0.0,1.0,"[""https://down-id.img.susercontent.com/file/id-11134207-7r98o-lkofo8230hedfe_tn"",""https://down-id.img.susercontent.com/file/8a780ca45150565ba891be1891bc51fe_tn"",""https://down-id.img.susercontent.com/file/id-11134207-7r98o-lkofo8230hedfe_tn"",""https://down-id.img.susercontent.com/file/sg-11134201-22120-rv3blbxptkkvef_tn"",""https://down-id.img.susercontent.com/file/id-11134207-7r98o-lkkm6fmy1jk972_tn"",""https://down-id.img.susercontent.com/file/id-11134207-7r98o-lkkm6fns0b3faa_tn"",""https://deo.shopeemobile.com/shopee/shopee-pcmall-live-sg/5222d4ab0d91a1eca7959754168d7593.png"",""https://down-id.img.susercontent.com/file/id-11134207-7r98o-lkkm6fmy75u145"",""https://down-id.img.susercontent.com/file/id-11134207-7r98o-lkkm6fmy8keh7f"",""https://down-id.img.susercontent.com/file/id-11134207-7r98o-lkkm6fmy9yyx29"",""https://down-id.img.susercontent.com/file/id-11134207-7r98o-lkkm6fmybdjdee"",""https://down-id.img.susercontent.com/file/id-11134207-7r98o-lkkm6fmycs3tf7"",""https://down-id.img.susercontent.com/file/id-11134207-7r98o-lkkm6fmye6o9d2"",""https://down-id.img.susercontent.com/file/id-11134207-7r98o-lkkm6fmyfl8p75"",""https://down-id.img.susercontent.com/file/dc03d1a9c5550c300030347e0f269691"",""https://down-id.img.susercontent.com/file/id-11134207-7r98o-lkkm6fns1q9bc9"",""https://down-id.img.susercontent.com/file/id-11134207-7r98o-lkkm6fns34tr61"",""https://down-id.img.susercontent.com/file/id-11134207-7r98o-lkkm6fns4je770"",""https://down-id.img.susercontent.com/file/id-11134207-7r98o-lkkm6fns5xyna1"",""https://down-id.img.susercontent.com/file/id-11134207-7r98o-lkkm6fns7cj3d1"",""https://down-id.img.susercontent.com/file/id-11134207-7r98o-lkkm6fns8r3j38"",""https://down-id.img.susercontent.com/file/id-11134207-7r98o-lkkm6fnsa5nzfd"",""https://down-id.img.susercontent.com/file/id-11134207-7r98o-lkkm6fnsbk8fc5"",""https://down-id.img.susercontent.com/file/id-11134207-7r98o-lkkm6fnscysv80"",""https://down-id.img.susercontent.com/file/id-11134207-7r98o-lkkm6fnseddbf8"",""https://down-id.img.susercontent.com/file/id-11134207-7r98o-lkkm6fns1pnv53"",""https://down-id.img.susercontent.com/file/sg-11134201-22120-cn0yz46mukkvfc"",""https://down-id.img.susercontent.com/file/id-11134201-7r98o-lkkmuxm1dnwp84"",""https://down-id.img.susercontent.com/file/id-11134201-7r98o-lkkmv8mj9flr34"",""https://down-id.img.susercontent.com/file/id-11134201-7r98o-lkkmvkl5r9s990"",""https://down-id.img.susercontent.com/file/id-11134201-7r98o-lkkmwfbos0211a"",""https://down-id.img.susercontent.com/file/id-11134201-7r98o-lkkmx0zd30vf55"",""https://deo.shopeemobile.com/shopee/shopee-pcmall-live-sg/83e10a1f95cb083579c089448ef8dd3b.png""]","[""https://cvf.shopee.co.id/file/eccba5890571995cad98a98bacc245de""]",Aretha babyshop,https://shopee.co.id/cuddlemecilacap,"[""Shopee"",""Baby & Kids Fashion"",""Baby Mittens & Footwear""]",[],"Lindungi kaki bayi anda dg baby booties menggemaskan dari CuddleMe Baby Fitted Booties
Material yg lembut dan menghadirkan sisi berkaret elastic dg pengencang velcro di pergelangan kaki untuk memudahkan mengepas ukuran.
Lebih pas dibanding kaos kaki biasa dan tanpa tekanan pada pergelangan kaki. Tak ada lagi BEKAS KAOS KAKI !!
Memberi kehangatan dan ekstra nyaman. Kotak packaging eksklusif juga merupakan nilai tambah.
Sesuai untuk 0-6 bulan.
Material : micropolar Fleece
Panjang +-11cm
Harga : Rp.30.000
#cuddleme #booties #kaoskaki #kaoskakibayi #kaoskakibayilucu #sepatu #sepatubayi #bootiesbayi #bootiescuddleme #boot #bootiesbaby
.",4.97,34.0,99,hitungan jam,6 tahun lalu,1100,"[{""name"":""Warna"",""variations"":[]},{""name"":""Ukuran"",""variations"":[]}]",,,,,,,,,,,,
https://shopee.vn/B%C3%8CNH-GI%E1%BB%AE-NHI%E1%BB%86T-SUNHOUSE-INOX-304-i.2976768.21058965506,21058965506,BÃŒNH GIá»® NHIá»†T SUNHOUSE INOX 304,0,,,,"â‚«110,000",VND,0.0,0.0,"[""https://down-vn.img.susercontent.com/file/sg-11134201-22100-5jckyvnc9ajv88"",""https://down-vn.img.susercontent.com/file/vn-50009109-7fe1505ee5a1a45757a252072f81c4f8"",""https://down-vn.img.susercontent.com/file/sg-11134201-22100-5jckyvnc9ajv88_tn"",""https://down-vn.img.susercontent.com/file/vn-50009109-7fe1505ee5a1a45757a252072f81c4f8"",""https://down-vn.img.susercontent.com/file/sg-11134201-22100-hd4tapnc9ajv17_tn"",""https://down-vn.img.susercontent.com/file/sg-11134201-22100-1kmpcsnc9ajv70_tn"",""https://down-vn.img.susercontent.com/file/sg-11134201-22100-uy8omsnc9ajv59_tn"",""https://down-vn.img.susercontent.com/file/sg-11134201-22100-mg5vwnnc9ajvfa_tn"",""https://deo.shopeemobile.com/shopee/shopee-pcmall-live-sg/d9e992985b18d96aab90969636ebfd0e.png"",""https://deo.shopeemobile.com/shopee/shopee-pcmall-live-sg/83e10a1f95cb083579c089448ef8dd3b.png""]",[],Hangkhuyenmai_binhtan,https://shopee.vn/phuongthanh1106,"[""Shopee"",""Home & Living"",""Drinkware"",""Jugs, Pitchers & Accessories""]","[{""name"":""Danh Má»¥c"",""value"":""Shopee Home & Living Drinkware Jugs, Pitchers & Accessories""},{""name"":""ThÆ°Æ¡ng hiá»‡u""},{""name"":""Cháº¥t liá»‡u"",""value"":""Kim loáº¡i""},{""name"":""Loáº¡i bÃ¬nh"",""value"":""BÃ¬nh giá»¯ nhiá»‡t""},{""name"":""Dung tÃ­ch"",""value"":""500ml""},{""name"":""Kho hÃ ng"",""value"":""9""},{""name"":""Gá»­i tá»«"",""value"":""TP. Há»“ ChÃ­ Minh""}]","HÃ ng quÃ  táº·ng tá»« sá»¯a cao cáº¥p nÃªn quÃ  cÅ©ng cao cáº¥p mÃ  giÃ¡ nÃ³ ráº» há»i luÃ´n nhÃ© cáº£ nhÃ ...bÃ¬nh hÃ£ng bÃ¡n trÃªn 200k chá»© Ã­t mÃ´ nÃ¨...bÃ¬nh ruá»™t inox 304, thÃ¢n ngoÃ i cÅ©ng inox thÃ¬ bao xÃ i luÃ´n. MÃ¹a nÃ y cá»© hay cáº£m máº¡o, Ä‘au rÃ¡t há»ng, cá»© mang theo bÃ¬nh nÆ°á»›c áº¥m uá»‘ng hÃ ng ngÃ y thÃ¬ cÃ²n gÃ¬ báº±ng cáº£ nhÃ  Æ¡i...
âœ…BÃŒNH GIá»® NHIá»†T SUNHOUSE INOX 304âœ…
â¤ ZÃ¡ chá»‰ #110k/ 1 bÃ¬nh xá»‹n sÃ² sang choáº£nh â¤ï¸
                            Dung tÃ­ch 450ml
                         CAM Káº¾T XÃ€I LÃ€ MÃŠ
ðŸ‘‰ðŸ» BÃ¬nh cÃ³ kiá»ƒu dÃ¡ng nÄƒng Ä‘á»™ng, phÃ¹ há»£p vá»›i cÃ¡c hoáº¡t Ä‘á»™ng thá»ƒ thao
ðŸ‘‰ðŸ» Cháº¥t liá»‡u inox cao cáº¥p 304, an toÃ n tuyá»‡t Ä‘á»‘i vá»›i sá»©c khá»e
ðŸ‘‰ðŸ» Náº¯p cÃ³ giÄƒng silicone giÃºp náº¯p bÃ¬nh Ä‘Ã³ng cháº·t, ngÄƒn Ä‘á»“ uá»‘ng trÃ o ra ngoÃ i
ðŸ‘‰ðŸ» Cáº¥u táº¡o 2 lá»›p inox, cÃ¡ch nhiá»‡t tá»‘t, giá»¯ nhiá»‡t lÃ¢u
ðŸ‘‰ðŸ» DÃ¹ng Ä‘Æ°á»£c cho cáº£ Ä‘á»“ uá»‘ng nÃ³ng vÃ  láº¡nh, thá»i gian giá»¯ nhiá»‡t lÃªn tá»›i 6h (nÃ³ng: nhiá»‡t Ä‘á»™ >55Â°C, láº¡nh: nhiá»‡t Ä‘á»™ <11Â°C)",4.92,0.0,0,,,0,[],,,,,,,,,,,,
https://shopee.co.id/Topi-Anti-Uv-Hat-Sun-Pantai-Visor-Golf-Tennis-Srixon-Z-Star-Original-Cleveland-Golf-Navy-i.64910569.22342874110,22342874110,Topi Anti Uv Hat Sun Pantai Visor Golf Tennis Srixon Z Star Original Cleveland Golf Navy,0,,,218700.0,212139,IDR,2.0,0.0,"[""https://down-id.img.susercontent.com/file/id-11134207-7qul3-lgyvg1dg3lgu9c"",""https://down-id.img.susercontent.com/file/id-11134207-7qul3-lgyvg1dg3lgu9c_tn"",""https://down-id.img.susercontent.com/file/id-11134207-7qul9-lgyvg1dq1sd682_tn"",""https://down-id.img.susercontent.com/file/id-11134207-7qul7-lgyvg1dg26zee0_tn"",""https://down-id.img.susercontent.com/file/id-11134207-7qukz-lgyvg1dg26we8c_tn"",""https://down-id.img.susercontent.com/file/id-11134207-7qul7-lgyvg1e01d9u3f_tn"",""https://deo.shopeemobile.com/shopee/shopee-pcmall-live-sg/5222d4ab0d91a1eca7959754168d7593.png"",""https://deo.shopeemobile.com/shopee/shopee-pcmall-live-sg/83e10a1f95cb083579c089448ef8dd3b.png""]",[],The Shop Shop Original,https://shopee.co.id/theshopshoporiginal,"[""Shopee"",""Sports & Outdoor"",""Golf"",""Other Golf""]","[{""name"":""Merek""},{""name"":""Stok"",""value"":""2""},{""name"":""Dikirim Dari"",""value"":""KOTA BEKASI""}]","* Catatan Penting Mohon Dibaca Sebelum Melakukan Pemesanan Barang: Mohon Untuk Selalu Menanyakan Ketersediaan Produk, Apakah Produk Masih Ready/Tersedia. Sebelum Melakukan Pemesanan Produk/Barang. Karena Ketersediaan Stock Barang Terbatas Ya. Terima Kasih

Topi Anti Uv Hat Sun Pantai Visor Golf Tennis Srixon Z Star Original Cleveland Golf Navy 

Detail:
- 100% Original Srixon & Lengkap dengan tag gantung nya ya
- 100% Kondisi product barang nya baru ya
- Colour: Navy 
- Product Code: GAH-20042I
- 3D embroidered Srixon logo on front
- Cleveland Golf logo stitched on both sides
- Srixon logo stitched on velcro back closure
- Adjustable velcro back closure
- Material: 100% Cotton
- Our traditional tour-inspired headwear provides players with both style and functionality to improve your performance on or off the course.

âˆš Harga Retail: Rp. 259.000
âˆš Harga Di The Shop Shop Original: Rp. 218.700

Note:
1. Barang Ready/Bukan Barang Jastip (Bukan Barang Jasa Titip)/Bukan Barang PO (Bukan Barang Pre Order). Poko Nya Barang Nya Siap Langsung Kirim Ya
2. Barang Original dijamin
3. Barang Dijamin Sesuai dengan detail yang di berikan, tidak ada tipu tipuan
4. Barang Real Picture/Gambar Sesuai Dengan Kondisi Asli Nya
5. Dijamin Harga Paling Termurah, Kalo Tidak Percaya Boleh Silahkan Cek Toko Lain Terlebih Dahulu, Yang Barang Nya Sama-Sama Ready, Pakai Foto Asli & Original Barang Nya.

#srixon#srixonoriginal#topi#topivisor#topiantiuv#hatsun#topigolf#topitennis#payunggolf#pakaiangolf#topisrixon#topisrixonoriginal#tassrixon#topisrixongolf",4.91,,98,hitungan jam,5 tahun lalu,382,[],,,,,,,,,,,,
https://shopee.vn/K%C3%ADnh-C%C6%B0%E1%BB%9Dng-L%E1%BB%B1c-Kingkong-3D-Trong-Su%E1%BB%91t-Cho-iPhone-X-XS-XSMax-11-11Pro-11PRM-12-12Pro-12PRM-13-13Pro-13PRM-14Series-i.71222448.17865663036,17865663036,"KÃ­nh CÆ°á»ng Lá»±c Kingkong 3D Trong Suá»‘t Cho iPhone X/XS/XSMax, 11/11Pro/11PRM, 12/12Pro/12PRM, 13/13Pro/13PRM, 14Series",257,4.9,52.0,,48000,VND,0.0,0.0,"[""https://down-vn.img.susercontent.com/file/1768f88f3429ffed0d15d63c5344f32c_tn"",""https://down-vn.img.susercontent.com/file/941566d11a31642e06553106a6973569_tn"",""https://down-vn.img.susercontent.com/file/vn-50009109-65069e1732eb48b5252bac8c3f9fc55b"",""https://down-vn.img.susercontent.com/file/1768f88f3429ffed0d15d63c5344f32c_tn"",""https://down-vn.img.susercontent.com/file/1e50b13e65299f6f772a3a0002af60fd_tn"",""https://down-vn.img.susercontent.com/file/9015a50f0cff014136fc429df8bface7_tn"",""https://deo.shopeemobile.com/shopee/shopee-pcmall-live-sg/d9e992985b18d96aab90969636ebfd0e.png"",""https://deo.shopeemobile.com/shopee/shopee-pcmall-live-sg/83e10a1f95cb083579c089448ef8dd3b.png""]","[""https://cvf.shopee.vn/file/0ac489a72a104c37bea0e1f13c58135e""]",Vietmart 668,https://shopee.vn/phuongthuy.19,"[""Shopee"",""Mobile & Gadgets"",""Screen Protectors"",""Others""]","[{""name"":""Danh Má»¥c"",""value"":""Shopee Mobile & Gadgets Screen Protectors Others""},{""name"":""ThÆ°Æ¡ng hiá»‡u""},{""name"":""ThÆ°Æ¡ng hiá»‡u Ä‘iá»‡n thoáº¡i tÆ°Æ¡ng thÃ­ch"",""value"":""Others""},{""name"":""Kho hÃ ng"",""value"":""855""},{""name"":""Gá»­i tá»«"",""value"":""TP. Há»“ ChÃ­ Minh""}]","* THÃ”NG TIN Sáº¢N PHáº¨M:
- CÆ°á»ng lá»±c Kingkong siÃªu cá»©ng, full mÃ n trong suá»‘t Ä‘Ã£ cÃ³ cho iPhone 14 Series
- Cháº¥t liá»‡u: thá»§y tinh ACC cao cáº¥p, Ä‘Æ°á»£c cáº¯t báº±ng cÃ´ng nghá»‡ CNC ráº¥t chÃ­nh xÃ¡c, chá»‘ng tia cá»±c tÃ­m, báº£o vá»‡ máº¯t, chá»‘ng chÃ³i loÃ¡.
- Thiáº¿t káº¿ kÃ­nh cong 3D trÃ n mÃ n hÃ¬nh, Ã´m sÃ¡t cáº¡nh mÃ¡y, káº¿t há»£p vá»›i Ä‘á»™ cá»©ng 9H gáº¥p 5 láº§n kÃ­nh thÆ°á»ng, tÄƒng cÆ°á»ng kháº£ nÄƒng chá»‘ng tráº§y xÆ°á»›c cho mÃ n hÃ¬nh luÃ´n nhÆ° má»›i
- KÃ­nh cÃ³ Ä‘á»™ trong suá»‘t cao, cho hÃ¬nh áº£nh cá»±c ká»³ sáº¯c nÃ©t. Cáº£m giÃ¡c vuá»‘t ráº¥t trÆ¡n tru nhÆ° mÃ n hÃ¬nh gá»‘c khÃ´ng bá»‹ rÃ­t tay.
* HÆ¯á»šNG DáºªN Sá»¬ Dá»¤NG:
- BÆ°á»›c 1: Äá»ƒ Ä‘iá»‡n thoáº¡i lÃªn máº·t bÃ n (ngá»“i chá»— sáº¡ch k cÃ³ bá»¥i), thÃ¡o bá» miáº¿ng dÃ¡n cÅ© (náº¿u cÃ³), sau Ä‘Ã³ dÃ¹ng miáº¿ng lau Æ°á»›t Ä‘á»ƒ lau sáº¡ch bá»¥i báº©n trÃªn mÃ n hÃ¬nh, rá»“i dÃ¹ng miáº¿ng lau khÃ´ Ä‘á»ƒ lau láº¡i. NÃªn bá» á»‘p Ä‘á»ƒ vá»‡ sinh cho mÃ¡y Ä‘Æ°á»£c dá»… dÃ ng.
- BÆ°á»›c 2: Kiá»ƒm tra xem trÃªn mÃ n hÃ¬nh cÃ²n váº¿t bá»¥i hay sá»£i lÃ´ng bÃ¡m trÃªn bá» máº·t khÃ´ng. Náº¿u cÃ²n thÃ¬ dÃ¹ng miáº¿ng hÃ­t bá»¥i láº¥y háº¿t bá»¥i báº©n ra khá»i mÃ n hÃ¬nh
- BÆ°á»›c 3: BÃ³c miáº¿ng kÃ­nh cÆ°á»ng lá»±c ra, Æ°á»›m kÃ­nh (chÆ°a Ä‘áº·t háº³n kÃ­nh xuá»‘ng) Cáº¦M á»ž MÃ‰P KÃNH cÄƒn chá»‰nh camera, loa vÃ  gÃ³c trÃªn xuá»‘ng nÃºt home cho vá»«a vá»›i mÃ n hÃ¬nh Ä‘iá»‡n thoáº¡i. Sau Ä‘Ã³ báº¡n Äáº¶T nháº¹ cho miáº¿ng cÆ°á»ng lá»±c dÃ­nh láº¥y mÃ n hÃ¬nh. Náº¿u miáº¿ng kÃ­nh cÃ³ bá»¥i nhá» trÃªn mÃ n hÃ¬nh thÃ¬ báº¡n láº­y nháº¹ miáº¿ng kÃ­nh lÃªn rá»“i láº¥y 1 miáº¿ng hÃ­t bá»¥i dÃ­nh pháº§n bá»¥i Ä‘Ã³ Ä‘i, cÄƒn chá»‰nh láº¡i rá»“i miáº¿t cháº·t kÃ­nh.",4.86,0.0,0,,,0,"[{""name"":""iPhone"",""variations"":[""X/XS/11Pro (5,8\"")"",""XR-11 (6,1\"")"",""XSM-11ProMax (6,5\"")"",""12-12Pro (6,1\"")"",""12Pro Max (6,7\"")"",""13-13Pro-iP14 (6,1\"")"",""13PRM -14Plus (6,7\"")"",""14Pro (6,1\"")"",""14Pro Max (6,7\"")""]},{""name"":""Loáº¡i"",""variations"":[""KhÃ´ng Há»™p""]}]",,,,,,,,,,,,
https://shopee.co.id/MY-BABY-Baby-Powder-500gr-i.13667623.1720245131,1720245131,MY BABY Baby Powder 500gr,3000,4.93,1509.0,20900.0,18900,IDR,15.0,214.0,"[""https://down-id.img.susercontent.com/file/1b4783964da54234bcfe6df3825bb919"",""https://down-id.img.susercontent.com/file/1b4783964da54234bcfe6df3825bb919_tn"",""https://down-id.img.susercontent.com/file/9b9918b133e7ac718a7d5f4c109f4ac5_tn"",""https://down-id.img.susercontent.com/file/683e0f75f141bc60769782f731b08799_tn"",""https://down-id.img.susercontent.com/file/d6e88d8861b64956db6087b11a8fcfc4_tn"",""https://deo.shopeemobile.com/shopee/shopee-pcmall-live-sg/5222d4ab0d91a1eca7959754168d7593.png"",""https://deo.shopeemobile.com/shopee/shopee-pcmall-live-sg/83e10a1f95cb083579c089448ef8dd3b.png""]",[],Arjuna's Shop (Kebraon),https://shopee.co.id/nurulhidayah89,"[""Shopee"",""Mom & Baby"",""Baby Health & Care"",""Powders""]","[{""name"":""Merek""},{""name"":""Tanggal Kedaluwarsa"",""value"":""15-01-2024""},{""name"":""Stok"",""value"":""15""},{""name"":""Dikirim Dari"",""value"":""KOTA SURABAYA""}]","MY BABY Baby Powder dengan formula yang lembut dan mudah merata, membantu menjaga kelembaban dan melindungi kulit bayi yang teramat halus, serta mengharumkan dengan wangi bunga.
Memberikan perawatan dengan penuh kelembutan, sehingga kulit bayi tetap halus dan wangi sepanjang hari.

âœ“ Teruji secara klinis
âœ“ Formula yang lembut
âœ“ Merk kepercayaan ibu
âœ“ Aroma bunga yang harum
âœ“ Membantu mencegah iritasi ringan pada kulit bayi

Netto : 500gr

JIKA WARNA YANG DIPILIH HABIS MAKA DIKIRIM RANDOM! 

MEMBELI = SETUJU

INFO PENGIRIMAN :

Pesanan dengan jasa kirim INSTAN (Grab/Gojek) akan langsung diproses dan dikirimkan di hari yang sama asalkan masih dalam jam kerja dan cuaca mendukung. 

Pesanan dengan jasa kirim REGULER & HEMAT (JNT Express / JNT Economy) akan dikirimkan di hari yang sama selama orderan masuk di bawah jam 15.00 WIB (pick up serentak setiap hari jam 16.00-17.00 WIB). 

Kecuali saat hari PROMO SHOPEE, yaitu tanggal 25-27 Promo Gajian Sale dan tanggal kembar (1.1/2.2/3.3 dst) orderan jasa kirim REGULER dan HEMAT akan diproses secara urut sesuai waktu orderan masuk dan kemungkinan akan lebih lambat dari hari normal karena saat promo orderan yang masuk sangat banyak. 

Silakan komplain jika kami mengirimkan pesanan melewati batas tanggal yang tercantum di pesanan kakak. 

Order di toko kami = wajib mengikuti prosedur toko kami!",4.93,,100,hitungan jam,7 tahun lalu,59900,"[{""name"":""Ukuran"",""variations"":[""Bedak My Baby Pink"",""Bedak My Baby Biru"",""Bedak My Baby Kuning""]}]",,,,,,,,,,,,
https://shopee.tw/%E2%9C%A8%E8%80%B3%E6%A9%9F%E5%A5%B6%E4%BC%81%E9%B5%9D%E5%8F%AF%E5%AD%B8%E7%94%9F%E9%81%A9%E7%94%A8%E8%8F%AF%E7%82%BAOPPOvivo%E8%98%8B%E6%9E%9C%E5%AE%89%E5%8D%9325.8.14-i.1571865475.43362704473?model_id=276065728029,43362704473,âœ¨è€³æ©Ÿå¥¶ä¼éµå¯å­¸ç”Ÿé©ç”¨è¯ç‚ºOPPOvivoè˜‹æžœå®‰å“25.8.14,0,0.0,0.0,230.0,230,TWD,,0.0,"[""https://down-tw.img.susercontent.com/file/sg-11134201-7rdwg-mde30dbq2iww37_tn"",""https://down-tw.img.susercontent.com/file/sg-11134201-7rdx7-mde30e4uvxmoe2_tn"",""https://down-tw.img.susercontent.com/file/sg-11134201-7rdyb-mde30f7zaolc66_tn"",""https://down-tw.img.susercontent.com/file/sg-11134201-7rdwk-mde30g9zttmo01_tn"",""https://down-tw.img.susercontent.com/file/sg-11134201-7rdvr-mde30h98bg6v67_tn"",""https://down-tw.img.susercontent.com/file/sg-11134201-7rdy3-mde30i4181ds74_tn"",""https://down-tw.img.susercontent.com/file/sg-11134201-7rdyj-mde30ixpuyxgd2_tn"",""https://down-tw.img.susercontent.com/file/sg-11134201-7rdw0-mdb9qmz77iexb0_tn"",""https://down-tw.img.susercontent.com/file/sg-11134201-7rdxl-mde30jzqbb1z86_tn""]",,wuhsu5015,https://shopee.tw/wuhsu5015,"[""å½±éŸ³"",""è€³æ©Ÿ/è€³éº¥/è—ç‰™è€³æ©Ÿ""]","[{""name"":""é€£æŽ¥é¡žåž‹"",""value"":""æœ‰ç·š""},{""name"":""é›»ç«¶å°ˆç”¨"",""value"":""å¦""},{""name"":""é©ç”¨è¨­å‚™"",""value"":""æ‰‹æ©Ÿ""},{""name"":""è€³æ©Ÿ"",""value"":""çœŸç„¡ç·šè€³æ©Ÿ""},{""name"":""å‡ºè²¨åœ°"",""value"":""ä¸­åœ‹å¤§é™¸""}]","ðŸ’–å¦‚æžœæ‚¨æœ‰ä»»ä½•å•é¡Œï¼Œè«‹éš¨æ™‚é€šéŽèŠå¤©è¯ç¹«æˆ‘å€‘ã€‚
ðŸ’–å¦‚æžœæ‚¨å°æ‚¨çš„è³¼è²·æ„Ÿåˆ°æ»¿æ„ï¼Œè«‹çµ¦äºˆäº”æ˜Ÿè©•ç´šã€‚è¬è¬ã€‚Â 
ðŸ’–ç”±æ–¼æ‰‹å‹•æ¸¬é‡ï¼Œè«‹å…è¨±1-2cmçš„å·®ç•°ã€‚
ðŸ’–ç”±æ–¼ä¸åŒçš„ç›¸æ©Ÿæ ¡æº–ï¼Œé¡è‰²å¯èƒ½èˆ‡åœ–ç‰‡ç•¥æœ‰ä¸åŒ",0.0,466.0,57,,Tue Jun 24 2025 14:13:39 GMT+0000 (Coordinated Universal Time),0,"[{""name"":""é¡è‰²"",""variations"":[""å¥¶æ²¹è—åº•ä¼éµ+åŠé£¾ã€è€³æ©Ÿ+å……é›»å€‰+"",""å¥¶æ²¹ç²‰åº•å°ç‹—+åŠé£¾ã€è€³æ©Ÿ+å……é›»å€‰+"",""å¥¶æ²¹æ£•åº•å°ç†Š+åŠé£¾ã€è€³æ©Ÿ+å……é›»å€‰+"",""å–®ç¨å……é›»ç·š""]},{""name"":""åž‹è™Ÿ"",""variations"":[""ä¸‰ä»£"",""å››ä»£"",""äº”ä»£  éŸ³è³ªæ¯”è¼ƒå¥½æŽ¨è–¦""]}]",https://shopee.tw,,100535.0,False,,"[{""name"":""model"",""value"":""å¥¶æ²¹ç²‰åº•å°ç‹—+åŠé£¾ã€è€³æ©Ÿ+å……é›»å€‰+,ä¸‰ä»£""}]",0.0,https://shopee.tw/%E6%9C%89%E7%B7%9A%E8%80%B3%E6%A9%9F-cat.11041390.11041483.11041487,,,,
https://shopee.co.id/DASTER-PAYUNG-SERUT-KENCANA-UNGU.DASTER-SERUT-KENCANA-UNGU.DASTER-KENCANA-UNGU-ASLI.LABEL-HIJAU-LD-120-PJG-110-i.281998640.5356354391,5356354391,"DASTER PAYUNG SERUT KENCANA UNGU.DASTER SERUT KENCANA UNGU.DASTER KENCANA UNGU ASLI.LABEL HIJAU,LD 120/PJG 110",374,4.88,143.0,,"IDRÂ 60,900.00",IDR,6.0,,"[""https://down-id.img.susercontent.com/file/sg-11134201-23010-myqnzoeciqmv10"",""https://down-id.img.susercontent.com/file/sg-11134201-23010-myqnzoeciqmv10_tn"",""https://deo.shopeemobile.com/shopee/shopee-pcmall-live-sg/5222d4ab0d91a1eca7959754168d7593.png"",""https://deo.shopeemobile.com/shopee/shopee-pcmall-live-sg/83e10a1f95cb083579c089448ef8dd3b.png""]",[],tokkofaizah,https://shopee.co.id/tokkofaizah,,"[{""name"":""Merek""},{""name"":""Panjang Lengan"",""value"":""Lengan Pendek""},{""name"":""Motif"",""value"":""Print, Lainnya, Bunga-bunga""},{""name"":""Musim"",""value"":""Musim Panas""},{""name"":""Ukuran Jumbo"",""value"":""Tidak""},{""name"":""Kecil"",""value"":""Tidak""},{""name"":""Negara Asal"",""value"":""Indonesia""},{""name"":""Bahan"",""value"":""Rayon""},{""name"":""Stok"",""value"":""6""},{""name"":""Dikirim Dari"",""value"":""KOTA JAKARTA BARAT""}]","
MEREK = KENCANA UNGU
ðŸ‘— ORIGINAL = LEBEL HIJAU
ðŸ‘— TIDAK BUSUI = TANPA KANTONG
ðŸ‘— LENGAN =PENDEK
ðŸ‘— MODEL = PAYUNG TANGAN SERUT TANPA KANCING
ðŸ‘— KWALITAS = SESUAI HARGA
ðŸ‘— VARIANT = HITAM DAN PUTIH

ðŸ‘‰ TIDAK LUNTUR = KALAU AIR BERUBAH WARNA ITU BUANG OBAT AJA
ðŸ‘‰ MOTIF DAN WARNA SESUAI FHOTO
ðŸ‘‰ READY STOK SESUAI VARIANT,GAMBAR YANG BISA DI KLIK BERARTI READY TAPI KALAUPUN KOSONG KITA PASTI KONFIRMASI DULU LEWAT CHAT
ðŸ‘‰ SEBELUM DIKIRIMKAN BAJUNYA PASTI KITA CEK DULU DAN KALAU PUN MASIH ADA YG RIJEK TERKIRIM BISA DI RETURN KEMBALI
ðŸ‘‰ PESANAN DIKIRIM DI HARI YG SAMA KECUALI PESANAN MALAM HARI,DIKIRIM BESOK HARI ðŸ™
ðŸ‘‰ KALAU ADA KOMPLEN TOLONG TULIS DI CHAT JANGAN DI PENILAIAN ðŸ™
ðŸ‘‰INSYALLAH AMANAH, ðŸ™
ðŸŒ¹ðŸŒ¹SELAMAT BERBELANJA ðŸ˜ŠðŸ™


        ~WAJIB MEMBACA SEBELUM MEMBELI~

= DASTER PAYUNG SERUT KENCANA UNGU LABEL HIJAU

= BAHAN ,RAYON ORIGINALLEMBUT DAN HALUS

= NYAMAN UNTUK DI PAKAI SEHARI HARI

= LINGKAR DADA 120 cm.PANJANG 110 cm

= KETERSEDIAN WARNA DAN MOTIF CEK DI KATALOG


#dasterkencanaungu
#dasteryukensi
#dasterku
#dasterbatik
#dastercantik
#dasterbusui
#dasterjumbo
#dasteribu
#dastermama
#dasterindonesia
#dasterpekalongan
#dastersolo
#dastermurah
#dastergrosir
#dasterecer
#dasterkekinian
#dasterterompet
#dasterpendek
#dasterkencanaunguasli
#dasterkencanaungutanganpendek
#dasterkencanaungutanganpanjang
#dasterkencanaungutangan3/4
#dasterkencanaungutanganbuntung
",4.81,76.0,73,hitungan jam,3 tahun lalu,619,,,,,,,,,,,,,
https://shopee.co.id/CAMEL-Gunting-Pipa-PVC-33mm-42mm-Gunting-Paralon-PVC-Pipe-Cutter-Gunting-Pipa-Paralon-i.876631603.17787268526,17787268526,CAMEL Gunting Pipa PVC 33mm - 42mm | Gunting Paralon | PVC Pipe Cutter | Gunting Pipa Paralon,1,5.0,1.0,,33000,IDR,199.0,0.0,"[""https://down-id.img.susercontent.com/file/sg-11134201-22100-9y3dwtbzfgivd1"",""https://down-id.img.susercontent.com/file/sg-11134201-22100-9y3dwtbzfgivd1_tn"",""https://down-id.img.susercontent.com/file/sg-11134201-22100-pfuet4azfgiv3c_tn"",""https://down-id.img.susercontent.com/file/dced5495c65a2c8a92320f5766367037_tn"",""https://down-id.img.susercontent.com/file/sg-11134201-22100-obrdrhczfgivda_tn"",""https://down-id.img.susercontent.com/file/b081a67d03c0beba6058f8d53e7d3e87_tn"",""https://deo.shopeemobile.com/shopee/shopee-pcmall-live-sg/5222d4ab0d91a1eca7959754168d7593.png"",""https://deo.shopeemobile.com/shopee/shopee-pcmall-live-sg/83e10a1f95cb083579c089448ef8dd3b.png""]",[],Kawan Perkakas Sejahtera,https://shopee.co.id/kawan.perkakas.sejahtera,"[""Shopee"",""Home & Living"",""Tools"",""Other Tools""]","[{""name"":""Merek""},{""name"":""Stok"",""value"":""199""},{""name"":""Dikirim Dari"",""value"":""KOTA JAKARTA BARAT""}]","Gunting Pipa PVC | Gunting Pipa Paralon | PVC Pipe Cutter
Merk : CAMEL
Warna : Merah
Bahan Mata Pisau : Baja Stainless Steel

Tersedia 2 ukuran, (beda ukuran, beda harga)
- 33 mm
- 42 mm

Silahkan diklik linknya sesuai varian yang diinginkan

Deskripsi Barang :
- Cocok digunakan untuk memotong polyethylene pipes, synthetic resing, selang
- Gunting Pipa berbahan Stainless Steel, sehingga anti karat


Informasi Toko :
1. Hasil foto produk adalah 100% asli sesuai gambar. Semua foto yang tertera adalah milik Kawan Perkakas Sejahtera (Dilarang Mencuri, Mengambil, Mengedit Tanpa Ijin) Barang siapa yang mencuri / mengambi / mengedit tanpa ijin akan di proses secara hukum. 
2. Barang original / asli 100% sesuai dengan deskripsi dan foto.
3. Pengiriman dilakukan setiap hari Senin - Sabtu (Hari Minggu / Libur Nasional tidak ada pengiriman)
4. Untuk pesanan via GOJEK / GRAB, berat bisa di atur sesuai dengan kebutuhan. Silahkan chat admin
5. Pesanan dengan jumlah banyak atau partai besar, silahkan chat admin dan dapatkan harga grosir
6. Barang Rusak / Tidak Sesuai / Jumlahnya kurang, silahkan ajukan komplain dilampirkan dengan bukti unboxing video dan foto. 


Selamat berbelanja. Salam 
- KAWAN PERKAKAS SEJAHTERA-",4.93,71.0,98,hitungan jam,12 bulan lalu,37,"[{""name"":""Ukuran"",""variations"":[""33 mm"",""42 mm""]}]",,,,,,,,,,,,
https://shopee.co.id/Sepatu-Boots-Pria-V-29617-Brand-Varka-Sepatu-Casual-Pria-Kerja-Kantor-Kuliah-Jalan-Jalan-Murah-Berkualitas-Warna-Hijau-i.24672935.10674290156,10674290156,Sepatu Boots Pria V 29617 Brand Varka Sepatu Casual Pria Kerja Kantor Kuliah Jalan Jalan Murah Berkualitas Warna Hijau,9,5.0,4.0,111000.0,99900,IDR,1.0,12.0,"[""https://down-id.img.susercontent.com/file/2a14f9a337623ede15f9cc362ac2433f"",""https://down-id.img.susercontent.com/file/2a14f9a337623ede15f9cc362ac2433f_tn"",""https://down-id.img.susercontent.com/file/d1d7cbc982c7b5e448b5fd4220fa162d_tn"",""https://down-id.img.susercontent.com/file/798eba08add1069d95123ea0775010ba_tn"",""https://down-id.img.susercontent.com/file/f34aced5269abbc2068fef572bd3d8d8_tn"",""https://deo.shopeemobile.com/shopee/shopee-pcmall-live-sg/5222d4ab0d91a1eca7959754168d7593.png"",""https://deo.shopeemobile.com/shopee/shopee-pcmall-live-sg/83e10a1f95cb083579c089448ef8dd3b.png""]",[],Distro Bandung Official Shop,https://shopee.co.id/distrobdg.,"[""Shopee"",""Men Shoes"",""Boots"",""Fashion Boots""]","[{""name"":""Merek""},{""name"":""Bahan"",""value"":""Lainnya""},{""name"":""Tinggi Boot"",""value"":""Di Atas Pergelangan Kaki""},{""name"":""Wide Fit"",""value"":""Tidak""},{""name"":""Tipe Pengikat"",""value"":""Tali""},{""name"":""Negara Asal"",""value"":""Indonesia""},{""name"":""Model Boot"",""value"":""Kasual""},{""name"":""Musim"",""value"":""Lainnya""},{""name"":""Stok"",""value"":""1""},{""name"":""Dikirim Dari"",""value"":""KOTA BANDUNG""}]","Sepatu Casual model Boot Terbaru V 29617 Brand Varka ini adalah salah satu model terbaru dan trendy untuk Anda miliki. Didesain untuk bisa dipakai dalam berbagai kegiatan, seperti Bekerja, Kuliah, atau pun kegiatan semi formal lainnya. Sepatu ini menggunakan material Terbaik, sangat nyaman, anti selip dan kokoh saat anda pakai. Sekaligus dapat menunjang penampilan anda lebih Fashionable, Trendy dan percaya diri.

Detail Product :

- Kode             : V 29617

- Material         : Canvas
- Sole               : Sol Tpr
- Warna           : HIjau
- Size               : 39-43

Panjang Outsole : 39 = 28 cm , 40 = 29 cm , 41 = 29,5 cm , 42 = 30 cm , 43 =30.5 cm

(Note : Panjang Outsole Bukan Panjang Kaki)

Produk ORIGINAL 100%
Model simple dan Praktis
Kualitas bagus harga terjangkau
Nyaman saat dipakai dalam berbagai kegiatan
Product bisa di retur sesuai ketentuan

Penting :
- Untuk pemesanan, tuliskan ukuran yang akan di pesan.
- Perbedaan warna bisa terjadi karena faktor pencahayaan saat foto, kecerahan monitor, dll
- Kami berusaha produk tetap sama dengan gambar. Namun jika barang yang diterima tidak sesuai dengan harapan, atau terlalu jauh dari foto, barang bisa direturkan kembali.

Thanks and Happy Shopping :)",4.68,,94,hitungan jam,6 tahun lalu,156100,"[{""name"":""Warna"",""variations"":[""Hijau""]},{""name"":""Ukuran"",""variations"":[""39"",""40"",""41"",""42"",""43""]}]",,,,,,,,,,,,
https://shopee.co.id/-KODE-J4C9-Mayoutfit-Alyssa-Pants-Celana-Kulot-Linen-Free-Belt-i.189118891.22481061269,22481061269,[KODE J4C9] Mayoutfit Alyssa Pants / Celana Kulot Linen Free Belt,0,,,,187000,IDR,1511.0,0.0,"[""https://down-id.img.susercontent.com/file/id-11134201-7r98v-lly3rvwjupwh77"",""https://down-id.img.susercontent.com/file/id-11134201-7r98v-lly3rvwjupwh77_tn"",""https://down-id.img.susercontent.com/file/id-11134201-7r98x-lly3rxrz427305_tn"",""https://down-id.img.susercontent.com/file/id-11134201-7r98o-lly3s0tkno2p0c_tn"",""https://down-id.img.susercontent.com/file/id-11134201-7r98q-lljgahmkf4p042_tn"",""https://down-id.img.susercontent.com/file/id-11134201-7r98y-lly3rtuquqhac0_tn"",""https://deo.shopeemobile.com/shopee/shopee-pcmall-live-sg/5222d4ab0d91a1eca7959754168d7593.png"",""https://deo.shopeemobile.com/shopee/shopee-pcmall-live-sg/83e10a1f95cb083579c089448ef8dd3b.png""]",[],schaeferzseller,https://shopee.co.id/schaeferzseller,"[""Shopee"",""Muslim Fashion"",""Women Muslim Bottom"",""Pants""]","[{""name"":""Merek""},{""name"":""Bahan"",""value"":""Moscrepe""},{""name"":""Stok"",""value"":""1511""},{""name"":""Dikirim Dari"",""value"":""KOTA JAKARTA BARAT""}]","WELCOME

Tunggu apa lagi,, Barang Saya READY STOCK, bisa langsung di order.. atau silahkan chat CS untuk memastikan warna / ukuran / variasi yang di inginkan.


MATERIAL : LINEN

Pants dengan bahan linen yang ringan dan bikin nyaman. Terdapat aksen belt pada lingkar pinggang yang dapat di adjust. Lingkar pinggang terdapat karet.
Navy - Sadle - Savanna - Olive - Warmgrey
1. PANJANG CELANA : 95 cm
2. LINGKAR PAHA : 67 cm
3. LINGKAR PINGGANG : 68 cm

Kesesuaian warna 90%. Produk biasanya lebih gelap 10%
dikarenakan Photo menggunakan kamera profesional, sehingga cahaya di photo akan lebih terang dibanding produk asli
Toleransi kesesuaian ukuran kurang lebih 2cm, dikarenakan ada proses produksi yang memungkinkan size bisa lebih kecil / lebih besar.
Order = sudah membaca informasi ini


anyway untuk cek Barang Yang lain silahkan kunjungi etalase kami ya guys..
Terimakasih ...!!! Cheers.!!! :)

*Pembayaran sebelum jam 5 sore dikirim dihari yg sama,
Setelah jam 5 sore dikirim esok harinya ðŸ˜‰
tanggal merah tidak ada pengiriman barang ya kak ðŸ˜
klik beli = setuju",5.0,,78,hitungan jam,4 tahun lalu,5,"[{""name"":""VARIASI"",""variations"":[""BWHITE"",""BLACK"",""DARKCHOCO"",""LINEN"",""GREY"",""CARROT"",""NAVY"",""DARK KHAKI"",""BRONZE"",""ARMY""]}]",,,,,,,,,,,,
https://shopee.co.id/PTVD8229-GROSIR-Baterai-Cas-Isi-Ulang-2pcs-Smartoools-AA-1.5V-Type-C-USB-Rechargeable-Lithium-Battery-Charge-i.185764397.16598514569,16598514569,PTVD8229 GROSIR Baterai Cas Isi Ulang 2pcs Smartoools AA 1.5V Type-C USB Rechargeable Lithium Battery Charge,0,,,,220000,IDR,2130.0,0.0,"[""https://down-id.img.susercontent.com/file/id-11134201-7qukx-lki7vmhpv9z6cb"",""https://down-id.img.susercontent.com/file/id-11134201-7qukx-lki7vmhpv9z6cb_tn"",""https://down-id.img.susercontent.com/file/id-11134201-7qul4-lk868s2hzig22b_tn"",""https://down-id.img.susercontent.com/file/id-11134201-7qul7-lki7vlob2b7k4f_tn"",""https://down-id.img.susercontent.com/file/id-11134201-7qul2-lki7vljv8taa82_tn"",""https://down-id.img.susercontent.com/file/id-11134201-7qul2-lki7vmb26fmhd0_tn"",""https://deo.shopeemobile.com/shopee/shopee-pcmall-live-sg/5222d4ab0d91a1eca7959754168d7593.png"",""https://deo.shopeemobile.com/shopee/shopee-pcmall-live-sg/83e10a1f95cb083579c089448ef8dd3b.png""]",[],loycezmurah,https://shopee.co.id/loycezmurah,"[""Shopee"",""Electronics"",""Batteries""]","[{""name"":""Merek""},{""name"":""Negara Asal"",""value"":""China""},{""name"":""Masa Garansi"",""value"":""12 Bulan""},{""name"":""Jenis Garansi"",""value"":""Garansi Supplier""},{""name"":""Ukuran Baterai"",""value"":""AA""},{""name"":""Tipe Baterai Dapat Diisi Ulang"",""value"":""Li-Ion""},{""name"":""Kapasitas Baterai"",""value"":""1730mAh""},{""name"":""Stok"",""value"":""2130""},{""name"":""Dikirim Dari"",""value"":""KOTA JAKARTA PUSAT""}]","SELAMAT DATANG

READY STONK, Bisa langsung di order atau chat CS terlebih dahulu untuk memastikan warna / ukuran /variasi yang di inginkan

Smartoools PowerBatt, baterai cas isi ulang inovatif yang bisa bantu kamu untuk...

âœ… HEMAT 
Kamu bisa cas ulang baterai Smartoools PowerBatt 1200 kali!

âœ… RAMAH LINGKUNGAN
Kamu jadi jarang buang sampah baterai

âœ… PRAKTIS
Kamu bisa cas baterai dengan kabel USB Type-C dimanapun menggunakan...

ðŸ‘‰ Charger smartphone ðŸ“±
ðŸ‘‰ Charger mobil atau motor ðŸš—
ðŸ‘‰ Powerbank ðŸ”‹
ðŸ‘‰ USB Laptop ðŸ’»
ðŸ‘‰ Dan port USB lainnya! ðŸ”Œ

KAMU CUMA BUTUH WAKTU 1.5 JAM UNTUK CAS BATERAI SMARTOOOLS POWERBATT HINGGA PENUH!!!

Smartoools PowerBatt menggunakan baterai Lithium-Ion dengan voltase 1.5V dan dilengkapi dengan port USB Type-C, dua teknologi ini membuat Smartoools PowerBatt bisa di cas dengan sangat cepat!

Dalam pembelian 1 pack Smartoools PowerBatt, kamu akan dapat...
ðŸ“¦ 2pcs Smartoools PowerBatt AA
ðŸ“¦ 1pcs Kabel Type-C USB 2in1

â¬â¬ SPESIFIKASI LENGKAP SMARTOOOLS POWERBATT â¬â¬

â–¶ Kapasitas Baterai: 2600mWh/ 1730mAh
â–¶ Voltase Output: 1.5V
â–¶ Voltase Input: 5V
â–¶ Tipe Baterai: Lithium Ion
â–¶ Siklus Hidup: 1200 kali pengisian
â–¶ Dimensi baterai: 5 x 1.5cm
â–¶ Bobot baterai: 18 gram (Satu baterai)
â–¶ Lama Pengecasan: 1.5 - 2 Jam

Masih ada yang ingin ditanyakan? Chat langsung dengan Customer Service Smartoools, tim kami siap bantu kamu ðŸ˜




HAPPY SHOPING",,799.0,92,hitungan jam,4 tahun lalu,0,[],,,,,,,,,,,,
https://shopee.vn/B%C3%ACnh-s%E1%BB%AFa-Pigeon-nh%E1%BB%B1a-PP-110-%C4%91%E1%BB%99-C-c%E1%BB%95-h%E1%BA%B9p-200ml-v%C3%A0-240ml-v%C3%A0ng-n%E1%BB%99i-%C4%91%E1%BB%8Ba-Nh%E1%BA%ADt-i.14936948.1223402147,1223402147,BÃ¬nh sá»¯a Pigeon nhá»±a PP 110 Ä‘á»™ C cá»• háº¹p 200ml vÃ  240ml vÃ ng ná»™i Ä‘á»‹a Nháº­t,53,4.25,8.0,,350000,VND,0.0,0.0,"[""https://down-vn.img.susercontent.com/file/b65488cf412f772911698785146dfa32"",""https://down-vn.img.susercontent.com/file/vn-50009109-7fe1505ee5a1a45757a252072f81c4f8"",""https://down-vn.img.susercontent.com/file/b65488cf412f772911698785146dfa32_tn"",""https://down-vn.img.susercontent.com/file/vn-50009109-7fe1505ee5a1a45757a252072f81c4f8"",""https://down-vn.img.susercontent.com/file/a384e415b2781ed824e4f7a254e6ca9b_tn"",""https://down-vn.img.susercontent.com/file/bf34d515e482928f2a11a5ede41a1b4e_tn"",""https://down-vn.img.susercontent.com/file/ec21889db418af9d5e39a738dc6b0b93_tn"",""https://down-vn.img.susercontent.com/file/aa8ab1d98c12854103b64e44aba35594_tn"",""https://deo.shopeemobile.com/shopee/shopee-pcmall-live-sg/83e10a1f95cb083579c089448ef8dd3b.png""]",[],Japan NhÃ­m Shop,https://shopee.vn/phamvanhangnhat,"[""Shopee"",""Moms, Kids & Babies"",""Feeding Essentials"",""Bottle-feeding""]","[{""name"":""Danh Má»¥c"",""value"":""Shopee Moms, Kids & Babies Feeding Essentials Bottle-feeding""},{""name"":""ThÆ°Æ¡ng hiá»‡u""},{""name"":""Kho hÃ ng"",""value"":""4233""},{""name"":""Gá»­i tá»«"",""value"":""HÃ  Ná»™i""}]","BÃ¬nh sá»¯a Pigeon nhá»±a PP 110 Ä‘á»™ C cá»• háº¹p 240ml VÃ ng sá»­ dá»¥ng cháº¥t liá»‡u nhá»±a cao cáº¥p, khÃ´ng cÃ³ BPA, nhá»±a polypheny (PP) â€“ loáº¡i váº­t chuyÃªn dÃ¹ng sáº£n xuáº¥t thiáº¿t bá»‹ y khoa cÃ³ Ä‘á»™ bá»n cao & an toÃ n tuyá»‡t Ä‘á»‘i cho bÃ©.

BÃ¬nh nhá»±a cá»• háº¹p Pigeon 240ml - HÃ ng ná»™i Ä‘á»‹a Nháº­t.
Dung tÃ­ch: 200ml vÃ  240ml

Äáº¶C ÄIá»‚M Cá»¦A BÃŒNH Sá»®A PIGEON 
- Cháº¥t liá»‡u nhá»±a PP cao cáº¥p gáº§n nhÆ° trong suá»‘t, khÃ´ng chá»©a cháº¥t BPA, kháº£ nÄƒng chá»‹u nhiá»‡t 110oC trong quÃ¡ trÃ¬nh tiá»‡t trÃ¹ng.
- Sá»­ dá»¥ng nÃºm vÃº silicone siÃªu má»m dÃ y gáº¥p 2 láº§n nÃºm vÃº thÃ´ng thÆ°á»ng, co giÃ£n vÃ  má»m máº¡i giÃºp bÃ© bÃº sá»¯a má»™t cÃ¡ch dá»… dÃ ng, thoáº£i mÃ¡i.
- Há»‡ thá»‘ng van thÃ´ng khÃ­ AVS Ä‘iá»u chá»‰nh Ã¡p suáº¥t trong bÃ¬nh, Ä‘iá»u tiáº¿t lÆ°á»£ng sá»¯a cháº£y ra, háº¡n cháº¿ tÃ¬nh tráº¡ng Ä‘áº§y hÆ¡i, khÃ³ tiÃªu cá»§a bÃ©.
- Váº¡ch chia sá»¯a rÃµ rÃ ng, chÃ­nh xÃ¡c.

HÆ¯á»šNG DáºªN Sá»¬ Dá»¤NG 
LuÃ´n rá»­a sáº¡ch vÃ  tiá»‡t trÃ¹ng bÃ¬nh sÆ°Ìƒa trÆ°á»›c khi cho bÃ© buÌ. Vá»‡ sinh bÃ¬nh sá»¯a, nÃºm ty báº±ng dung dá»‹ch sÃºc rá»­a chuyÃªn dá»¥ng, nÆ°á»›c sÃ´i hoáº·c mÃ¡y tiá»‡t trÃ¹ng.

Dung tÃ­ch:
1. BÃ¬nh sá»¯a cá»• háº¹p 200ml Ä‘i kÃ¨m vá»›i NÃºm vÃº cá»• háº¹p size S (0 - 3 thÃ¡ng tuá»•i).
2. BÃ¬nh sá»¯a cá»• háº¹p 240ml Ä‘i kÃ¨m vá»›i NÃºm vÃº cá»• háº¹p size M (3 - 6 thÃ¡ng tuá»•i).

#binhsuapigeon, #binhsuachobe, #binhbuchobe, binhsuatreem, #binhsuaembe, #binhsuacohep, #dodungchobe, #dodungsosinh, #binhsuapigeoncohep, #binhsuapigeoncorong",4.88,0.0,0,,,0,[],,,,,,,,,,,,
https://shopee.co.id/Deli-Gel-Pen-Pulpen-Gel-warna-Hitam-0.5mm-A117-i.290365829.21973645264,21973645264,Deli Gel Pen Pulpen Gel warna Hitam 0.5mm A117,166,4.97,29.0,,2100,IDR,23.0,16.0,"[""https://down-id.img.susercontent.com/file/id-11134201-23020-v48mh4zz9mnv0f"",""https://down-id.img.susercontent.com/file/id-11134201-23020-v48mh4zz9mnv0f_tn"",""https://down-id.img.susercontent.com/file/id-11134201-23020-bkzbdo2z9mnv46_tn"",""https://down-id.img.susercontent.com/file/id-11134201-23020-z1ab223z9mnvb9_tn"",""https://deo.shopeemobile.com/shopee/shopee-pcmall-live-sg/5222d4ab0d91a1eca7959754168d7593.png"",""https://deo.shopeemobile.com/shopee/shopee-pcmall-live-sg/83e10a1f95cb083579c089448ef8dd3b.png""]",[],Nugraha Official ,https://shopee.co.id/nugrahaofficialstore,"[""Shopee"",""Stationery & Books"",""Writing & Correction"",""Pens & Inks""]","[{""name"":""Merek""},{""name"":""Stok"",""value"":""23""},{""name"":""Dikirim Dari"",""value"":""KAB. SLEMAN""}]","Deli Gel Pen Pulpen Gel warna Hitam 0.5mm A117

Ketebalan 0.5mm.

Panjang pulpen: 145mm.

Dilengkapi dengan klip, bisa dijepit di buku atau kertas sehingga mudah dibawa dan tidak mudah hilang.

Untuk keperluan alat tulis sekolah, kantor, dan rumah.",4.89,,70,hitungan jam,3 tahun lalu,6800,[],,,,,,,,,,,,
https://shopee.co.th/%E0%B8%9B%E0%B8%A3%E0%B8%B0%E0%B9%80%E0%B8%97%E0%B8%A8%E0%B9%84%E0%B8%97%E0%B8%A2%E0%B9%80%E0%B8%A3%E0%B8%B7%E0%B8%AD)-%E0%B8%9F%E0%B8%B2%E0%B8%87%E0%B9%80%E0%B8%8B%E0%B8%B5%E0%B8%A2%E0%B8%A7.800%E0%B8%A1%E0%B8%A5-%E0%B8%96%E0%B9%89%E0%B8%A7%E0%B8%A2%E0%B8%81%E0%B8%B2%E0%B8%A3%E0%B9%8C%E0%B8%95%E0%B8%B9%E0%B8%99-316-%E0%B8%AA%E0%B9%81%E0%B8%95%E0%B8%99%E0%B9%80%E0%B8%A5%E0%B8%AA%E0%B8%96%E0%B9%89%E0%B8%A7%E0%B8%A2%E0%B8%A3%E0%B9%89%E0%B8%AD%E0%B8%99%E0%B9%81%E0%B8%A5%E0%B8%B0%E0%B9%80%E0%B8%A2%E0%B9%87%E0%B8%99%E0%B8%AB%E0%B8%99%E0%B9%88%E0%B8%A7%E0%B8%A2%E0%B8%84%E0%B8%A7%E0%B8%B2%E0%B8%A1%E0%B8%88%E0%B9%8D%E0%B8%B2%E0%B9%81%E0%B8%81%E0%B9%89%E0%B8%A7%E0%B8%A3%E0%B9%89%E0%B8%AD%E0%B8%99%E0%B9%81%E0%B8%A5%E0%B8%B0%E0%B9%80%E0%B8%A2%E0%B9%87%E0%B8%99%E0%B8%9E%E0%B8%A3%E0%B9%89%E0%B8%AD%E0%B8%A1%E0%B8%97%E0%B8%B5%E0%B9%88%E0%B8%88%E0%B8%B1%E0%B8%9A%E0%B9%81%E0%B8%81%E0%B9%89%E0%B8%A7%E0%B9%81%E0%B8%8A%E0%B9%88%E0%B9%80%E0%B8%A2%E0%B9%87%E0%B8%99-i.1333946135.25637853802?model_id=197937529965,25637853802,à¸›à¸£à¸°à¹€à¸—à¸¨à¹„à¸—à¸¢à¹€à¸£à¸·à¸­) à¸Ÿà¸²à¸‡à¹€à¸‹à¸µà¸¢à¸§.800à¸¡à¸¥ à¸–à¹‰à¸§à¸¢à¸à¸²à¸£à¹Œà¸•à¸¹à¸™ 316 à¸ªà¹à¸•à¸™à¹€à¸¥à¸ªà¸–à¹‰à¸§à¸¢à¸£à¹‰à¸­à¸™à¹à¸¥à¸°à¹€à¸¢à¹‡à¸™à¸«à¸™à¹ˆà¸§à¸¢à¸„à¸§à¸²à¸¡à¸ˆà¹à¸²à¹à¸à¹‰à¸§à¸£à¹‰à¸­à¸™à¹à¸¥à¸°à¹€à¸¢à¹‡à¸™à¸žà¸£à¹‰à¸­à¸¡à¸—à¸µà¹ˆà¸ˆà¸±à¸šà¹à¸à¹‰à¸§à¹à¸Šà¹ˆà¹€à¸¢à¹‡à¸™,0,4.6,0.0,470.0,209,THB,,0.0,"[""https://down-th.img.susercontent.com/file/cn-11134207-7ras8-m3oofk1wv8lm7b_tn"",""https://down-th.img.susercontent.com/file/cn-11134207-7ras8-m823ccf57qia2f_tn"",""https://down-th.img.susercontent.com/file/sg-11134201-7rens-m22b6a4w5wde5b_tn"",""https://down-th.img.susercontent.com/file/sg-11134201-7repi-m22b686ey7uke6_tn"",""https://down-th.img.susercontent.com/file/cn-11134207-7ras8-m2asc5rxym4ef9_tn"",""https://down-th.img.susercontent.com/file/sg-11134201-7ren9-m22b6eolgxao20_tn"",""https://down-th.img.susercontent.com/file/cn-11134207-7ras8-m8237fh45hr1a8_tn"",""https://down-th.img.susercontent.com/file/cn-11134207-7ras8-m82386n6e7tp82_tn"",""https://down-th.img.susercontent.com/file/cn-11134207-7ras8-m823crwkk0du69_tn""]",,Xiaoxiao Shop.,https://shopee.co.th/a18862456808.th,"[""à¹€à¸„à¸£à¸·à¹ˆà¸­à¸‡à¹ƒà¸Šà¹‰à¹ƒà¸™à¸šà¹‰à¸²à¸™"",""à¹€à¸„à¸£à¸·à¹ˆà¸­à¸‡à¹ƒà¸Šà¹‰à¸šà¸™à¹‚à¸•à¹Šà¸°à¸­à¸²à¸«à¸²à¸£"",""à¹à¸à¹‰à¸§à¸™à¹‰à¸³""]","[{""name"":""à¸„à¸¥à¸±à¸‡à¸ªà¸´à¸™à¸„à¹‰à¸²à¹‚à¸›à¸£à¹‚à¸¡à¸Šà¸±à¹ˆà¸™"",""value"":""15""},{""name"":""à¸„à¸¥à¸±à¸‡à¸­à¸·à¹ˆà¸™ à¹†"",""value"":""270""},{""name"":""Quantity per Pack"",""value"":""8""},{""name"":""à¸›à¸£à¸°à¹€à¸ à¸—à¸–à¹‰à¸§à¸¢à¹à¸à¹‰à¸§"",""value"":""à¹à¸à¹‰à¸§""},{""name"":""à¸ˆà¸³à¸™à¸§à¸™à¸Šà¸´à¹‰à¸™"",""value"":""8""},{""name"":""à¸«à¸¡à¸²à¸¢à¹€à¸¥à¸‚à¸¡à¸­à¸."",""value"":""nil""},{""name"":""à¸«à¸¡à¸²à¸¢à¹€à¸¥à¸‚à¹ƒà¸šà¸­à¸™à¸¸à¸à¸²à¸•/à¸­à¸¢."",""value"":""nil""}]","à¸ªà¸§à¸±à¸ªà¸”à¸µ!à¸£à¹‰à¸²à¸™à¸„à¹‰à¸²à¸‚à¸­à¸‡à¸‰à¸±à¸™à¸¢à¸´à¸™à¸”à¸µà¸•à¹‰à¸­à¸™à¸£à¸±à¸šà¸ªà¸¹à¹ˆà¸£à¹‰à¸²à¸™à¸„à¹‰à¸²à¸‚à¸­à¸‡à¸‰à¸±à¸™
à¸­à¸¢à¹ˆà¸²à¸¥à¸·à¸¡à¹ƒà¸«à¹‰à¸„à¸§à¸²à¸¡à¸ªà¸™à¹ƒà¸ˆà¸à¸±à¸šà¸£à¹‰à¸²à¸™à¸„à¹‰à¸²à¹à¸¥à¸°à¸„à¸¥à¸´à¸à¸—à¸µà¹ˆà¸ªà¸´à¸™à¸„à¹‰à¸²à¸£à¸±à¸à¸«à¸²à¸à¸¡à¸µà¸ªà¹ˆà¸§à¸™à¸¥à¸”à¸„à¸¸à¸“à¸ˆà¸°à¹ƒà¸ªà¹ˆà¹ƒà¸ˆà¹€à¸à¸µà¹ˆà¸¢à¸§à¸à¸±à¸šà¸à¸²à¸£à¸£à¸±à¸šà¸à¸²à¸£à¹à¸ˆà¹‰à¸‡à¹€à¸•à¸·à¸­à¸™à¹ƒà¸™à¹„à¸¡à¹ˆà¸Šà¹‰à¸²

â˜…[à¸«à¸¡à¸²à¸¢à¹€à¸«à¸•à¸¸à¸à¸²à¸£à¸ˆà¸±à¸”à¸ªà¹ˆà¸‡]
1.à¸ªà¸´à¸™à¸„à¹‰à¸²à¸—à¸±à¹‰à¸‡à¸«à¸¡à¸”à¸­à¸¢à¸¹à¹ˆà¹ƒà¸™à¸ªà¸•à¹‡à¸­à¸à¹à¸¥à¸°à¸ˆà¸°à¸–à¸¹à¸à¸ˆà¸±à¸”à¸ªà¹ˆà¸‡à¸ à¸²à¸¢à¹ƒà¸™ 48 à¸Šà¸¡. à¸«à¸¥à¸±à¸‡à¸ˆà¸²à¸à¸—à¸³à¸à¸²à¸£à¸ªà¸±à¹ˆà¸‡à¸‹à¸·à¹‰à¸­
2.à¹€à¸£à¸²à¸ªà¹ˆà¸‡à¸ˆà¸²à¸à¸ˆà¸µà¸™à¹à¸œà¹ˆà¸™à¸”à¸´à¸™à¹ƒà¸«à¸à¹ˆà¹€à¸™à¸·à¹ˆà¸­à¸‡à¸ˆà¸²à¸à¹€à¸›à¹‡à¸™à¸œà¸¹à¹‰à¸‚à¸²à¸¢à¹ƒà¸™à¸•à¹ˆà¸²à¸‡à¸›à¸£à¸°à¹€à¸—à¸¨à¸„à¸¸à¸“à¸•à¹‰à¸­à¸‡à¸œà¹ˆà¸²à¸™à¸”à¹ˆà¸²à¸™à¸¨à¸¸à¸¥à¸à¸²à¸à¸£à¹‚à¸›à¸£à¸”à¸ªà¸­à¸šà¸–à¸²à¸¡à¸„à¸³à¸ªà¸±à¹ˆà¸‡à¸‹à¸·à¹‰à¸­à¹€à¸£à¹ˆà¸‡à¸”à¹ˆà¸§à¸™à¸à¹ˆà¸­à¸™

â˜…à¸„à¸³à¹à¸™à¸°à¸™à¸³à¹ƒà¸™à¸à¸²à¸£à¸Šà¹‡à¸­à¸›à¸›à¸´à¹‰à¸‡]
1.à¹‚à¸›à¸£à¸”à¸¢à¸·à¸™à¸¢à¸±à¸™à¸‚à¹‰à¸­à¸¡à¸¹à¸¥à¸ˆà¸³à¹€à¸žà¸²à¸°à¸à¹ˆà¸­à¸™à¸—à¸³à¸à¸²à¸£à¸ªà¸±à¹ˆà¸‡à¸‹à¸·à¹‰à¸­à¸«à¸²à¸à¸„à¸¸à¸“à¸•à¹‰à¸­à¸‡à¸à¸²à¸£à¹€à¸›à¸¥à¸µà¹ˆà¸¢à¸™à¹€à¸™à¸·à¹‰à¸­à¸«à¸²à¸‚à¸­à¸‡à¸„à¸³à¸ªà¸±à¹ˆà¸‡à¸‹à¸·à¹‰à¸­à¸«à¸¥à¸±à¸‡à¸ˆà¸²à¸à¸—à¸³à¸à¸²à¸£à¸ªà¸±à¹ˆà¸‡à¸‹à¸·à¹‰à¸­à¹‚à¸›à¸£à¸”à¸¢à¸à¹€à¸¥à¸´à¸à¹€à¸­à¸‡à¸à¹ˆà¸­à¸™à¸—à¸³à¸à¸²à¸£à¸ªà¸±à¹ˆà¸‡à¸‹à¸·à¹‰à¸­à¸­à¸µà¸à¸„à¸£à¸±à¹‰à¸‡
2.à¸­à¸¢à¹ˆà¸²à¸ªà¸±à¸‡à¹€à¸à¸•à¸£à¸¹à¸›à¹à¸šà¸šà¸ªà¸µà¹ƒà¸™à¸à¸²à¸£à¹à¸Šà¸—à¹à¸¥à¸°à¸ªà¸±à¹ˆà¸‡à¸‹à¸·à¹‰à¸­à¹‚à¸›à¸£à¸”à¸¢à¸·à¸™à¸¢à¸±à¸™à¸£à¸¹à¸›à¹à¸šà¸šà¸ªà¸µà¸à¹ˆà¸­à¸™à¸—à¸³à¸à¸²à¸£à¸ªà¸±à¹ˆà¸‡à¸‹à¸·à¹‰à¸­à¹à¸¥à¸°à¸—à¸³à¸à¸²à¸£à¸ªà¸±à¹ˆà¸‡à¸‹à¸·à¹‰à¸­à¸­à¸¢à¹ˆà¸²à¸‡à¸–à¸¹à¸à¸•à¹‰à¸­à¸‡
3.à¹‚à¸›à¸£à¸”à¸¢à¸·à¸™à¸¢à¸±à¸™à¸‚à¹‰à¸­à¸¡à¸¹à¸¥à¸ˆà¸³à¹€à¸žà¸²à¸°à¸à¹ˆà¸­à¸™à¸—à¸³à¸à¸²à¸£à¸ªà¸±à¹ˆà¸‡à¸‹à¸·à¹‰à¸­à¸«à¸²à¸à¸¡à¸µà¸„à¸§à¸²à¸¡à¸•à¹‰à¸­à¸‡à¸à¸²à¸£à¹€à¸žà¸´à¹ˆà¸¡à¹€à¸•à¸´à¸¡à¹‚à¸›à¸£à¸”à¹à¸ˆà¹‰à¸‡à¹ƒà¸«à¹‰à¸—à¸£à¸²à¸šà¹ƒà¸™ ""à¸«à¸¡à¸²à¸¢à¹€à¸«à¸•à¸¸"" à¸«à¸¥à¸±à¸‡à¸ˆà¸²à¸à¸ªà¸£à¹‰à¸²à¸‡à¸„à¸³à¸ªà¸±à¹ˆà¸‡à¸‹à¸·à¹‰à¸­à¹à¸¥à¹‰à¸§à¸ˆà¸°à¹„à¸¡à¹ˆà¸ªà¸²à¸¡à¸²à¸£à¸–à¹€à¸›à¸¥à¸µà¹ˆà¸¢à¸™à¹à¸›à¸¥à¸‡à¹„à¸”à¹‰
4.à¸ªà¸µà¸‚à¸­à¸‡à¸œà¸¥à¸´à¸•à¸ à¸±à¸“à¸‘à¹Œà¹à¸•à¸à¸•à¹ˆà¸²à¸‡à¸ˆà¸²à¸à¸à¸²à¸£à¹à¸ªà¸”à¸‡à¸ªà¸µà¸‚à¸­à¸‡à¸„à¸­à¸¡à¸žà¸´à¸§à¹€à¸•à¸­à¸£à¹Œà¹€à¸¥à¹‡à¸à¸™à¹‰à¸­à¸¢à¹€à¸™à¸·à¹ˆà¸­à¸‡à¸ˆà¸²à¸à¹€à¸«à¸•à¸¸à¸œà¸¥à¸”à¹‰à¸²à¸™à¹à¸ªà¸‡à¹ƒà¸™à¸à¸²à¸£à¸–à¹ˆà¸²à¸¢à¸ à¸²à¸žà¸ªà¸²à¸¡à¸²à¸£à¸–à¸­à¹‰à¸²à¸‡à¸­à¸´à¸‡à¸£à¸¹à¸›à¸ à¸²à¸žà¸œà¸¥à¸´à¸•à¸ à¸±à¸“à¸‘à¹Œà¹„à¸”à¹‰à¹‚à¸›à¸£à¸”à¸”à¸¹à¸—à¸µà¹ˆà¸œà¸¥à¸´à¸•à¸ à¸±à¸“à¸‘à¹Œà¸ˆà¸£à¸´à¸‡

[à¸à¸²à¸£à¹à¸™à¸°à¸™à¸³à¸ªà¸´à¸™à¸„à¹‰à¸²]
à¸«à¸±à¸§à¸‰à¸µà¸” Silicone
à¹à¸«à¸§à¸™à¸¢à¸²à¸‡à¸›à¸´à¸”à¸œà¸™à¸¶à¸à¸›à¹‰à¸­à¸‡à¸à¸±à¸™à¸à¸²à¸£à¸£à¸±à¹ˆà¸§à¸‹à¸¶à¸¡à¹à¸šà¸šà¸žà¸à¸žà¸²
à¹à¸œà¹ˆà¸™à¸‹à¸´à¸¥à¸´à¹‚à¸„à¸™à¸”à¹‰à¸²à¸™à¸¥à¹ˆà¸²à¸‡à¸à¸±à¸™à¸¥à¸·à¹ˆà¸™à¹à¸¥à¸°à¸—à¸™à¸•à¹ˆà¸­à¸à¸²à¸£à¸ªà¸¶à¸à¸«à¸£à¸­

à¸£à¸²à¸¢à¸¥à¸°à¹€à¸­à¸µà¸¢à¸”à¸ªà¸´à¸™à¸„à¹‰à¸²]
à¸ªà¹„à¸•à¸¥à¹Œ: à¸–à¹‰à¸§à¸¢à¸£à¸–
à¸§à¸±à¸ªà¸”à¸¸à¸‹à¸±à¸š: à¸ªà¹à¸•à¸™à¹€à¸¥à¸ª 316
à¸‰à¸™à¸§à¸™à¸à¸±à¸™à¸„à¸§à¸²à¸¡à¸£à¹‰à¸­à¸™à¸›à¸£à¸°à¸ªà¸´à¸—à¸˜à¸´à¸ à¸²à¸ž: 6-12 à¸Šà¸±à¹ˆà¸§à¹‚à¸¡à¸‡
à¸à¸²à¸£à¹Œà¸•à¸¹à¸™
à¸Ÿà¸±à¸‡à¸à¹Œà¸Šà¸±à¹ˆà¸™: à¸›à¸à¸•à¸´, à¸„à¸£à¸±à¸§à¹€à¸£à¸·à¸­à¸™, à¸žà¸à¸žà¸², à¸ªà¸¹à¸à¸à¸²à¸à¸²à¸¨, à¸à¸²à¸£à¹€à¸à¹‡à¸šà¸£à¸±à¸à¸©à¸²à¸„à¸§à¸²à¸¡à¸£à¹‰à¸­à¸™, à¸ªà¸²à¸¡à¸²à¸£à¸–à¸›à¸£à¸±à¸šà¹à¸•à¹ˆà¸‡à¹„à¸”à¹‰
à¸„à¸™à¸—à¸µà¹ˆà¸¡à¸µà¸œà¸¥à¸šà¸±à¸‡à¸„à¸±à¸šà¹ƒà¸Šà¹‰: à¸ªà¸¸à¸ à¸²à¸žà¸ªà¸•à¸£à¸µ, à¸œà¸¹à¹‰à¸Šà¸²à¸¢, à¸„à¸¹à¹ˆà¸£à¸±à¸, à¸—à¸±à¹ˆà¸§à¹„à¸›, à¸™à¸±à¸à¹€à¸£à¸µà¸¢à¸™
à¸‰à¸²à¸à¸—à¸µà¹ˆà¹ƒà¸Šà¹‰à¸‡à¸²à¸™à¹„à¸”à¹‰: à¸à¸µà¸¬à¸², à¸šà¹‰à¸²à¸™, à¸£à¸–à¸¢à¸™à¸•à¹Œ, à¸—à¸±à¹ˆà¸§à¹„à¸›, à¸ªà¸³à¸™à¸±à¸à¸‡à¸²à¸™, à¸à¸¥à¸²à¸‡à¹à¸ˆà¹‰à¸‡, à¸à¸²à¸£à¹€à¸”à¸´à¸™à¸—à¸²à¸‡
à¸„à¸§à¸²à¸¡à¸ˆà¸¸: 800 à¸¡à¸¥.

â˜…[à¸›à¸£à¸°à¸à¸²à¸¨à¸«à¸¥à¸±à¸‡à¸à¸²à¸£à¸‚à¸²à¸¢]
à¸«à¸²à¸à¸¡à¸µà¸›à¸±à¸à¸«à¸²à¹ƒà¸” à¹† à¸«à¸¥à¸±à¸‡à¸ˆà¸²à¸à¸£à¸±à¸šà¸ªà¸´à¸™à¸„à¹‰à¸²: à¸Šà¸´à¹‰à¸™à¹€à¸¥à¹‡à¸ à¹† à¸–à¸¹à¸à¸ªà¹ˆà¸‡à¹„à¸›à¸œà¸´à¸”à¸ªà¸´à¸™à¸„à¹‰à¸²à¸¡à¸µà¸‚à¹‰à¸­à¸šà¸à¸žà¸£à¹ˆà¸­à¸‡ à¸¯à¸¥à¸¯ à¹‚à¸›à¸£à¸”à¸•à¸´à¸”à¸•à¹ˆà¸­à¹€à¸£à¸²à¸à¹ˆà¸­à¸™à¸­à¸¢à¹ˆà¸²à¸ªà¸·à¹ˆà¸­à¸ªà¸²à¸£à¹ƒà¸™à¸à¸²à¸£à¸›à¸£à¸°à¹€à¸¡à¸´à¸™à¸œà¸¥à¹‚à¸›à¸£à¸”à¸ªà¸·à¹ˆà¸­à¸ªà¸²à¸£à¹ƒà¸™à¸à¸²à¸£à¹à¸Šà¸—

â˜…[à¹ƒà¸«à¹‰à¸„à¸³à¸›à¸£à¸¶à¸à¸©à¸²à¸”à¹‰à¸²à¸™à¸à¸²à¸£à¸šà¸£à¸´à¸à¸²à¸£à¸¥à¸¹à¸à¸„à¹‰à¸²]
à¹ƒà¸«à¹‰à¸„à¸³à¸›à¸£à¸¶à¸à¸©à¸²à¸­à¸­à¸™à¹„à¸¥à¸™à¹Œà¸­à¸¢à¹ˆà¸²à¸‡à¸£à¸§à¸”à¹€à¸£à¹‡à¸§à¸«à¸²à¸à¸„à¸¸à¸“à¸¡à¸µà¸„à¸³à¸–à¸²à¸¡à¹ƒà¸” à¹† à¹‚à¸›à¸£à¸”à¸ªà¸­à¸šà¸–à¸²à¸¡à¹ƒà¸Šà¹‰à¸à¸²à¸£à¹à¸Šà¸—à¸—à¸µà¹ˆà¸”à¸µà¹à¸¥à¸°à¸¡à¸µà¸„à¸™à¸ˆà¸°à¹ƒà¸«à¹‰à¸šà¸£à¸´à¸à¸²à¸£à¸„à¸¸à¸“à¸—à¸²à¸‡à¸­à¸­à¸™à¹„à¸¥à¸™à¹Œ
à¸«à¸²à¸à¸„à¸¸à¸“à¸žà¸šà¸§à¹ˆà¸²à¸œà¸¥à¸´à¸•à¸ à¸±à¸“à¸‘à¹Œà¸¡à¸µà¸„à¸§à¸²à¸¡à¸œà¸´à¸”à¸›à¸à¸•à¸´à¹€à¸¡à¸·à¹ˆà¸­à¸„à¸¸à¸“à¹„à¸”à¹‰à¸£à¸±à¸šà¸ªà¸´à¸™à¸„à¹‰à¸²à¹‚à¸›à¸£à¸”à¸–à¹ˆà¸²à¸¢à¸ à¸²à¸žà¸ªà¸´à¸™à¸„à¹‰à¸²à¹à¸¥à¸°à¸„à¸³à¸ªà¸±à¹ˆà¸‡à¸‹à¸·à¹‰à¸­à¹à¸¥à¸°à¸ªà¹ˆà¸‡à¹„à¸›à¹à¸Šà¸—à¹à¸¥à¸°à¹€à¸ˆà¹‰à¸²à¸«à¸™à¹‰à¸²à¸—à¸µà¹ˆà¸šà¸£à¸´à¸à¸²à¸£à¸¥à¸¹à¸à¸„à¹‰à¸²à¸ˆà¸°à¸žà¸¹à¸”à¸„à¸¸à¸¢à¹€à¸à¸µà¹ˆà¸¢à¸§à¸à¸±à¸šà¸›à¸£à¸´à¸¡à¸²à¸“à¸¡à¸²à¸ à¸‚à¹‰à¸­à¸„à¸§à¸²à¸¡à¹ƒà¸™à¸§à¸±à¸™à¸—à¸³à¸à¸²à¸£à¹à¸¥à¸°à¸à¸²à¸£à¸šà¸£à¸´à¸à¸²à¸£à¸¥à¸¹à¸à¸„à¹‰à¸²à¸ˆà¸°à¸ˆà¸±à¸”à¸à¸²à¸£à¸•à¸²à¸¡à¸¥à¸³à¸”à¸±à¸š à¸«à¸²à¸à¸„à¸¸à¸“à¹„à¸¡à¹ˆà¹„à¸”à¹‰à¹ƒà¸Šà¹‰à¸‡à¸²à¸™à¹‚à¸›à¸£à¸”à¸£à¸­à¸ªà¸±à¸à¸„à¸£à¸¹à¹ˆà¹à¸¥à¸°à¸­à¸¢à¹ˆà¸²à¹ƒà¸Šà¹‰à¸à¸²à¸£à¸›à¸£à¸°à¹€à¸¡à¸´à¸™à¹€à¸›à¹‡à¸™à¸Šà¹ˆà¸­à¸‡à¸—à¸²à¸‡à¸à¸²à¸£à¸ªà¸·à¹ˆà¸­à¸ªà¸²à¸£
à¸«à¸²à¸à¸„à¸¸à¸“à¸Šà¸­à¸šà¸œà¸¥à¸´à¸•à¸ à¸±à¸“à¸‘à¹Œà¹à¸¥à¸°à¸šà¸£à¸´à¸à¸²à¸£à¸‚à¸­à¸‡à¹€à¸£à¸²à¸¢à¸´à¸™à¸”à¸µà¸•à¹‰à¸­à¸™à¸£à¸±à¸šà¸ªà¸¹à¹ˆà¹ƒà¸«à¹‰à¹€à¸£à¸²à¹€à¸•à¹‡à¸¡à¸—à¸µà¹ˆâ˜…â˜…â˜…â˜…â˜…à¹‚à¸­à¹‰ à¸”à¸²à¸§!
à¸ªà¸´à¸™à¸„à¹‰à¸²à¸¢à¸±à¸‡à¸„à¸‡à¹€à¸›à¹‡à¸™à¸ªà¸´à¸™à¸„à¹‰à¸²à¹ƒà¸«à¸¡à¹ˆà¸¢à¸´à¸™à¸”à¸µà¸•à¹‰à¸­à¸™à¸£à¸±à¸šà¸ªà¸¹à¹ˆà¸à¸²à¸£à¸•à¸´à¸”à¸•à¸²à¸¡ + à¸•à¸´à¸”à¸•à¸²à¸¡!",4.81,867.0,100,1.03 hours,Thu Aug 15 2024 09:04:24 GMT+0000 (Coordinated Universal Time),1003,"[{""name"":""à¸ªà¸µ"",""variations"":[""à¸«à¸¡à¸µà¸ªà¸•à¸£à¸­à¹€à¸šà¸­à¸£à¸µà¹ˆ"",""à¸¡à¸´à¸à¸à¸µà¹‰"",""à¸¡à¸´à¸™à¸™à¸µà¹ˆ""]}]",https://shopee.co.th,,100636.0,False,,"[{""name"":""model"",""value"":""à¸«à¸¡à¸µà¸ªà¸•à¸£à¸­à¹€à¸šà¸­à¸£à¸µà¹ˆ""}]",0.0,https://shopee.co.th/%E0%B8%88%E0%B8%B2%E0%B8%99-%E0%B8%8A%E0%B8%B2%E0%B8%A1-%E0%B9%81%E0%B8%A5%E0%B8%B0%E0%B9%80%E0%B8%84%E0%B8%A3%E0%B8%B7%E0%B9%88%E0%B8%AD%E0%B8%87%E0%B9%83%E0%B8%8A%E0%B9%89%E0%B8%9A%E0%B8%99%E0%B9%82%E0%B8%95%E0%B9%8A%E0%B8%B0%E0%B8%AD%E0%B8%B2%E0%B8%AB%E0%B8%B2%E0%B8%A3-cat.11044956.11045176.11045798,"[{""claimable"":false,""currency"":""THB"",""discount"":null,""discount_cap"":0,""discount_percentage"":10,""min_spend"":0,""shop_vouncher"":""Xiaoxiao Shop."",""special_condition"":""à¹‚à¸›à¸£à¸”à¸­à¸±à¸›à¹€à¸”à¸—à¹à¸­à¸› Shopee à¹€à¸§à¸­à¸£à¹Œà¸Šà¸±à¹ˆà¸™à¸¥à¹ˆà¸²à¸ªà¸¸à¸” à¹€à¸žà¸·à¹ˆà¸­à¸”à¸¹à¸£à¸²à¸¢à¸¥à¸°à¹€à¸­à¸µà¸¢à¸”à¸«à¸™à¹‰à¸²à¸™à¸µà¹‰"",""text_info"":""SVC-1165683008499952"",""validity_end"":""2025-06-08T16:59:59.000Z"",""validity_start"":""2025-06-02T17:00:00.000Z""},{""claimable"":false,""currency"":""THB"",""discount"":null,""discount_cap"":2000000,""discount_percentage"":5,""min_spend"":38000000,""shop_vouncher"":""Xiaoxiao Shop."",""special_condition"":""à¹‚à¸›à¸£à¸”à¸­à¸±à¸›à¹€à¸”à¸—à¹à¸­à¸› Shopee à¹€à¸§à¸­à¸£à¹Œà¸Šà¸±à¹ˆà¸™à¸¥à¹ˆà¸²à¸ªà¸¸à¸” à¹€à¸žà¸·à¹ˆà¸­à¸”à¸¹à¸£à¸²à¸¢à¸¥à¸°à¹€à¸­à¸µà¸¢à¸”à¸«à¸™à¹‰à¸²à¸™à¸µà¹‰"",""text_info"":""SVC-1165671086977100"",""validity_end"":""2025-06-08T16:59:59.000Z"",""validity_start"":""2025-06-01T17:00:00.000Z""}]",,,
https://shopee.tw/%E5%8F%AF%E9%96%8B%E7%99%BC%E7%A5%A8/304%E4%B8%8D%E9%8A%B9%E9%8B%BC%E6%89%8B%E5%8B%95%E6%89%8B%E6%9F%84%E5%B0%8D%E5%A4%BE%E8%9D%B6%E9%96%A5-%E9%96%A5%E9%96%80-%E7%A1%85%E8%86%A0%E5%9B%9B%E6%B0%9F2%E5%AF%B83%E5%AF%B84%E5%AF%B8DN100%E7%A2%9F%E9%96%A5/%E5%B1%B1%E9%A2%A8%E5%84%AA%E9%81%B8-i.14603989.28526285411?model_id=185789298126,28526285411,å¯é–‹ç™¼ç¥¨/304ä¸éŠ¹é‹¼æ‰‹å‹•æ‰‹æŸ„å°å¤¾è¶é–¥ é–¥é–€ ç¡…è† å››æ°Ÿ2å¯¸3å¯¸4å¯¸DN100ç¢Ÿé–¥/å±±é¢¨å„ªé¸,0,0.0,0.0,3610.11238,2960.77314,TWD,,0.0,"[""https://down-tw.img.susercontent.com/file/tw-11134201-7rasm-m69t3jb0nx5iea_tn"",""https://down-tw.img.susercontent.com/file/tw-11134201-7rash-m69t3jns5a5455_tn"",""https://down-tw.img.susercontent.com/file/tw-11134201-7rasg-m69t3k0jo0bc0e_tn"",""https://down-tw.img.susercontent.com/file/tw-11134201-7rasa-m69t3kh6y8pk96_tn"",""https://down-tw.img.susercontent.com/file/tw-11134201-7rase-m69t3kuier2wca_tn"",""https://down-tw.img.susercontent.com/file/tw-11134201-7rasg-m69t3llzbwhie9_tn"",""https://down-tw.img.susercontent.com/file/tw-11134201-7rasf-m69t3mg829aud3_tn""]",,å±±é¢¨äº”é‡‘å·¥å…·,https://shopee.tw/%E5%8F%AF%E9%96%8B%E7%99%BC%E7%A5%A8/304%E4%B8%8D%E9%8A%B9%E9%8B%BC%E6%89%8B%E5%8B%95%E6%89%8B%E6%9F%84%E5%B0%8D%E5%A4%BE%E8%9D%B6%E9%96%A5-%E9%96%A5%E9%96%80-%E7%A1%85%E8%86%A0%E5%9B%9B%E6%B0%9F2%E5%AF%B83%E5%AF%B84%E5%AF%B8DN100%E7%A2%9F%E9%96%A5/weisyuan820,"[""å±…å®¶ç”Ÿæ´»"",""äº”é‡‘ä¿®ç¹•ã€é›»å‹•å·¥å…·"",""å…¶ä»–""]","[{""name"":""å•†å“æ•¸é‡"",""value"":""900""},{""name"":""å‡ºè²¨åœ°"",""value"":""é«˜é›„å¸‚é³³å±±å€""}]","ðŸ¥°æ­¡ è¿Ž å…‰ è‡¨ æœ¬ è³£ å ´ðŸŒ¸ï¼



ðŸ’žæœ¬ å ´ æ»¿ 299 å…ƒ ç™¼ è²¨ðŸ’ž



ðŸ¥°éœ€ è¦ é–‹ ç«‹ æ­£ è¦ çµ± ç·¨ ç™¼ ç¥¨ï¼Œä¸‹ å–® å‰ è«‹ èŠ èŠ æº é€šðŸŒ¸



éœ€è¦å®šåˆ¶æˆ–è€…æ›´å¤šå…¶ä»–åž‹è™Ÿç”¢å“ï¼Œè«‹éš¨æ™‚èŠèŠè¯ç¹«æˆ‘å€‘ðŸ™‚ï¼



æœ¬åº—å•†å“å‡ç‚ºç²¾å¿ƒæŒ‘é¸,åŠ›æ±‚æ¯ä¸€å€‹ç”¢å“å‡ç‚ºåˆæ ¼ðŸ’žã€‚ è«‹æ”¾å¿ƒé¸è³¼ã€‚



ðŸŒ¸å¦‚æœ‰ä»»ä½•å•é¡Œ,è«‹éš¨æ™‚èŠèŠè¯ç¹«æˆ‘å€‘,æœƒåœ¨çœ‹åˆ°çš„ç¬¬ä¸€æ™‚é–“ç‚ºæ‚¨è§£ç­”,è¬è¬ï¼



ã€ç‰©æµæœå‹™ã€‘



ä¸‹å–®å¾Œ12å°æ™‚å…§(ç¯€å‡æ—¥é™¤å¤–),å€‰åº«æœƒé–‹å§‹å®‰æŽ’ç™¼è²¨,ä¸‹å–®å‰è«‹è€ƒæ…®æ¸…æ¥š,ä»¥å…é€ æˆé›™æ–¹çš„æå¤±!



ðŸ’è¶…å•†é™é‡5å…¬æ–¤,å°ºå¯¸å¤§å•†å“ã€éœ€ä¸‹å–®ä»¶æ•¸è¼ƒå¤šã€å•†å“é«”ç©è¼ƒå¤§çš„é¡§å®¢ä¸é©ç”¨è¶…å•†åº—é…,è«‹é¸æ“‡è¦çš®å®…é…æˆ–è€…



é»‘è²“å®…æ€¥ä¾¿å“¦!



ðŸ’è²¨ç‰©åˆ°é”å¾Œæˆ‘å€‘ä¹ŸæœƒåŠæ™‚é€šçŸ¥æ‚¨,åœ¨æ­¤éŽç¨‹ä¸­å¦‚æœ‰ä»»ä½•å•é¡Œå¯ä»¥éš¨æ™‚èŠèŠè¯ç¹«æˆ‘å€‘ã€‚



ðŸ’æœ¬å ´æ»¿299å…ƒå‡ºè²¨,æœ‰éœ€è¦çš„å•†å“å¯ä»¥æ­é…ä¸€èµ·è³¼è²·,è¬è¬è«’è§£!



ã€å”®å¾Œæœå‹™ã€‘



ðŸ’Ÿæ”¶åˆ°å•†å“å¾Œ,è«‹åœ¨ç¢ºèªå•†å“ç„¡èª¤å¾Œé€²è¡Œç¢ºèªæ”¶è²¨,å–œæ­¡æˆ‘å€‘çš„æœå‹™,è«‹çµ¦äºˆ5æ˜Ÿå¥½è©•,ä»¥ç¤ºé¼“å‹µã€‚



ðŸ’Ÿæ˜“ç¢Žå•†å“,æœƒç›¡é‡å¦¥å–„åŒ…è£,ä½†å¯„é€ç‰©æµéƒ¨åˆ†ç„¡æ³•æŽ§åˆ¶,å¦‚æžœæ”¶åˆ°å¾Œæœ‰ç ´ææˆ–è³ªé‡å•é¡Œ,è«‹èŠèŠå®¢æœè§£æ±º,ä¸è¦éš¨



æ„å·®è©•å“¦



ðŸ’Ÿéžå•†å“å“è³ªå•é¡Œé€€è²¨æˆ–æ›è²¨æ‰€ç”¢ç”Ÿçš„é‹è²»ç”±è²·å®¶æ‰¿æ“”,è«‹ä¸‹å–®å‰ä»”ç´°æª¢æŸ¥è¨‚å–®ã€‚



ã€è³£å ´æœå‹™ã€‘



ðŸ¥°å·¥ä½œæ™‚é–“:8:30 AM - 18:00 PM,å¦‚é‡å®¢æœæœªåŠæ™‚å›žå¾©,è«‹è«’è§£ã€‚



ðŸ¥°å‡ºè²¨æ™‚é–“:ä¸‹å–®å¾Œä¸€èˆ¬7-10å¤©å¯åˆ°è²¨,å¦‚éœ€å¤§é‡,è«‹æå‰é€šçŸ¥!",4.88,3940.0,100,1.24 hours,Tue Jan 03 2017 11:45:33 GMT+0000 (Coordinated Universal Time),460,"[{""name"":""å°ºå¯¸"",""variations"":[""DN50"",""DN65"",""DN80"",""DN100"",""DN125"",""DN150""]},{""name"":""æè³ª"",""variations"":[""æ•´é«”304ä¸éŠ¹é‹¼"",""ä¸éŠ¹é‹¼201ï¼ˆè¶æ¿304ï¼‰"",""æ•´é«”304ä¸éŠ¹é‹¼ï¼ˆå››æ°Ÿï¼‰é´¨å˜´æ‰‹æŸ„""]}]",https://shopee.tw,,100636.0,False,,"[{""name"":""model"",""value"":""DN150,ä¸éŠ¹é‹¼201ï¼ˆè¶æ¿304ï¼‰""}]",0.0,https://shopee.tw/%E9%9B%BB%E5%8B%95%E5%B7%A5%E5%85%B7%E9%85%8D%E4%BB%B6-cat.11040925.11040942.11040948,"[{""claimable"":false,""currency"":""TWD"",""discount"":null,""discount_cap"":100000000,""discount_percentage"":10,""min_spend"":59900000,""shop_vouncher"":""å±±é¢¨äº”é‡‘å·¥å…·"",""special_condition"":""é€™å€‹é é¢ä¸æ”¯æ´ä½ ç¾åœ¨çš„è¦çš®è³¼ç‰©APPç‰ˆæœ¬ï¼Œè«‹æ›´æ–°APPä»¥ç¹¼çºŒç€è¦½ã€‚"",""text_info"":""SVC-1155366303465792"",""validity_end"":""2025-05-18T16:00:00.000Z"",""validity_start"":""2025-05-17T16:00:00.000Z""},{""claimable"":false,""currency"":""TWD"",""discount"":20,""discount_cap"":0,""discount_percentage"":0,""min_spend"":69900000,""shop_vouncher"":""å±±é¢¨äº”é‡‘å·¥å…·"",""special_condition"":""é€™å€‹é é¢ä¸æ”¯æ´ä½ ç¾åœ¨çš„è¦çš®è³¼ç‰©APPç‰ˆæœ¬ï¼Œè«‹æ›´æ–°APPä»¥ç¹¼çºŒç€è¦½ã€‚"",""text_info"":""WEISLI123"",""validity_end"":""2025-06-21T15:59:00.000Z"",""validity_start"":""2025-03-22T13:59:00.000Z""},{""claimable"":false,""currency"":""TWD"",""discount"":10,""discount_cap"":0,""discount_percentage"":0,""min_spend"":39900000,""shop_vouncher"":""å±±é¢¨äº”é‡‘å·¥å…·"",""special_condition"":""é€™å€‹é é¢ä¸æ”¯æ´ä½ ç¾åœ¨çš„è¦çš®è³¼ç‰©APPç‰ˆæœ¬ï¼Œè«‹æ›´æ–°APPä»¥ç¹¼çºŒç€è¦½ã€‚"",""text_info"":""WEIS35641"",""validity_end"":""2025-06-23T14:56:00.000Z"",""validity_start"":""2025-03-22T13:56:00.000Z""},{""claimable"":false,""currency"":""TWD"",""discount"":10,""discount_cap"":0,""discount_percentage"":0,""min_spend"":59900000,""shop_vouncher"":""å±±é¢¨äº”é‡‘å·¥å…·"",""special_condition"":""é€™å€‹é é¢ä¸æ”¯æ´ä½ ç¾åœ¨çš„è¦çš®è³¼ç‰©APPç‰ˆæœ¬ï¼Œè«‹æ›´æ–°APPä»¥ç¹¼çºŒç€è¦½ã€‚"",""text_info"":""WEISABCD"",""validity_end"":""2025-05-20T13:42:00.000Z"",""validity_start"":""2025-02-17T12:42:00.000Z""},{""claimable"":false,""currency"":""TWD"",""discount"":20,""discount_cap"":0,""discount_percentage"":0,""min_spend"":99900000,""shop_vouncher"":""å±±é¢¨äº”é‡‘å·¥å…·"",""special_condition"":""é€™å€‹é é¢ä¸æ”¯æ´ä½ ç¾åœ¨çš„è¦çš®è³¼ç‰©APPç‰ˆæœ¬ï¼Œè«‹æ›´æ–°APPä»¥ç¹¼çºŒç€è¦½ã€‚"",""text_info"":""WEISBCDE"",""validity_end"":""2025-05-21T13:45:00.000Z"",""validity_start"":""2025-02-17T12:45:00.000Z""},{""claimable"":false,""currency"":""TWD"",""discount"":30,""discount_cap"":0,""discount_percentage"":0,""min_spend"":159900000,""shop_vouncher"":""å±±é¢¨äº”é‡‘å·¥å…·"",""special_condition"":""é€™å€‹é é¢ä¸æ”¯æ´ä½ ç¾åœ¨çš„è¦çš®è³¼ç‰©APPç‰ˆæœ¬ï¼Œè«‹æ›´æ–°APPä»¥ç¹¼çºŒç€è¦½ã€‚"",""text_info"":""WEIS1234"",""validity_end"":""2025-05-21T13:47:00.000Z"",""validity_start"":""2025-02-17T12:47:00.000Z""},{""claimable"":false,""currency"":""TWD"",""discount"":50,""discount_cap"":0,""discount_percentage"":0,""min_spend"":259900000,""shop_vouncher"":""å±±é¢¨äº”é‡‘å·¥å…·"",""special_condition"":""é€™å€‹é é¢ä¸æ”¯æ´ä½ ç¾åœ¨çš„è¦çš®è³¼ç‰©APPç‰ˆæœ¬ï¼Œè«‹æ›´æ–°APPä»¥ç¹¼çºŒç€è¦½ã€‚"",""text_info"":""WEIS6789"",""validity_end"":""2025-05-21T13:49:00.000Z"",""validity_start"":""2025-02-17T12:49:00.000Z""}]",,,
https://shopee.tw/%E5%AE%89%E9%BA%97%EF%BD%9C%E5%8F%B0%E7%81%A3%E7%89%88-%E7%85%A5%E8%86%9A%E4%BF%9D%E9%A4%8A%E7%B5%84-%E9%9B%85%E8%8A%9D%E6%A4%8D%E8%90%83%E7%A7%91%E5%A6%8D%EF%BD%9C%E6%98%A0%E5%93%81%E5%AE%B6-i.2266311.28282416863?model_id=138289297929,28282416863,å®‰éº—ï½œå°ç£ç‰ˆ ç…¥è†šä¿é¤Šçµ„ é›…èŠæ¤èƒç§‘å¦ï½œæ˜ å“å®¶,0,0.0,0.0,5103.0,5103,TWD,,0.0,"[""https://down-tw.img.susercontent.com/file/tw-11134207-7rbkc-m8andoz462e80e_tn""]",,æ˜ å“å®¶åš´é¸_å„ªè³ªå•†å“ã€å„ªæƒ åƒ¹æ ¼,https://shopee.tw/gdle1970421,"[""ç¾Žå¦ä¿é¤Š"",""è‚Œè†šä¿é¤Š"",""å…¶ä»–""]","[{""name"":""å“ç‰Œ"",""value"":""Amway""},{""name"":""å‡ºè²¨åœ°"",""value"":""é«˜é›„å¸‚é³¥æ¾å€""}]","â­•ï¸ä¸‹å–®å‰è«‹æ³¨æ„ â­•ï¸
ç‚ºäº†ä¿è­·å°ç£çš„ç¶“éŠ·å•†ï¼Œå‡ºè²¨æœƒ[åˆ®æŽ‰é˜²å½æ¢ç¢¼]ï¼Œå¯æŽ¥å—å†ä¸‹å–®å“¦ï¼ï¼
-
ç…¥è†šèˆ‡ä¿®è­·é›™ç®¡é½Šä¸‹ï¼Œè‚Œè†šç…¥ç„¶ä¸€æ–°

âœ…ç…¥è†šå‡è† 
ä¸‰é‡ç…¥è†šè¤‡åˆé…æ–¹ï¼Œå¹«åŠ©è§’è³ªç…¥æ–°ï¼Œé‡ç¾å…‰æ¾¤è‚Œè†šï¼Œä½¿è‚Œè†šçœ‹èµ·ä¾†æ›´å¥åº·ã€‚
è˜‘è‡é…µç´ ï¼šå¹«åŠ©æº«å’ŒåŽ»é™¤è‚Œè†šè¡¨å±¤çš„è€å»¢è§’è³ªã€‚
ç´…çŸ³æ¦´é…µç´ ï¼šæºæ–¼ç´å´”èŠèªè­‰è¾²å ´ï¼Œå”åŠ©æé«˜è‚Œè†šç…¥æ–°æ•ˆçŽ‡ï¼Œæº«å’ŒåŽ»é™¤è§’è³ªã€‚
æ‰æ¡ƒé…¸ï¼šæº«å’Œè€Œæœ‰æ•ˆçš„åŽ»è§’è³ªæˆåˆ†ï¼Œå¯å”åŒè˜‘è‡é…µç´ æé«˜ç…¥è†šåŠŸæ•ˆã€‚
æ¢¨æžœä»™äººæŽŒèƒå–ï¼šå¯æœ‰æ•ˆèˆ’ç·©è‚Œè†šï¼Œæœ‰æ•ˆé™ä½Žç…¥è†šçš„ä¸é©æ„Ÿï¼Œé”åˆ°ç…¥è†šåŒæ™‚ä¿®è­·è‚Œè†šã€‚

âœ…ç…¥è†šç²¾è¯
æ¿ƒç¸®è€Œè¼•ç›ˆçš„ç²¾è¯æ¶²ï¼Œå«æœ‰å››å¤§è¤‡åˆæˆåˆ†ï¼ŒåŠ©æ–¼åŠ é€Ÿç…¥è†šã€å¼·åŒ–éŽ–æ°´å±éšœã€èˆ’ç·©è‚Œè†šã€ä¸¦è®“æ¯›å­”æ›´ç·Šç·»ã€‚
æ¯›å­”ç·Šç·»è¤‡åˆæˆåˆ†: ç·Šç·»æ¯›å­”ã€å¹«åŠ©è§’è³ªç…¥æ–°ï¼ŒåŠ å¼·çš„è‚Œè†šå±éšœåŠŸèƒ½ï¼Œå‡å‹»è†šè‰²ï¼Œè®“è‚Œè†šæ›´å…‰æ»‘ã€ç´°ç·»ã€æ°´æ½¤ã€‚
èˆ’ç·©è¤‡åˆæˆåˆ†: èˆ’ç·©å’Œæ´»åŒ–è‚Œè†šï¼Œè®“è‚Œè†šçœ‹èµ·ä¾†æ›´æœ‰æ´»åŠ›èˆ‡å…‰é‡‡ã€‚
å±éšœå¼·åŒ–è¤‡åˆæˆåˆ†: èˆ’ç·©æ½¤æ¾¤è‚Œè†šï¼ŒåŒæ™‚æå‡è‚Œè†šé˜²ç¦¦åŠ›ã€‚
ç…¥è†šè¤‡åˆæˆåˆ†:æŒçºŒå¹«åŠ©è‚Œè†šæ›´æ–°ï¼Œå¼·åŒ–ç…¥è†šæ•ˆæžœã€‚
ç…¥è†šä¿é¤Šçµ„ç¬¦åˆé›…èŠç´”æ·¨ä¿é¤Šæ¨™æº–ï¼Œæ“æœ‰ç´”ç´ èªè­‰ï¼Œä¸æŽ¡ç”¨å‹•ç‰©åŽŸæ–™ï¼Œç„¡å‹•ç‰©å¯¦é©—ã€‚

å…¨è†šè³ªé©ç”¨ã€‚è‹¥æ˜¯æ•æ„Ÿè‚Œè†š / å•é¡Œè‚Œè†šï¼Œè«‹æ´½è©¢çš®è†šç§‘é†«ç”Ÿã€‚

å®¹é‡ :
ç…¥è†šå‡è†  : 15æ¯«å‡
ç…¥è†šç²¾è¯ : 30æ¯«å‡
æœ‰æ•ˆæœŸé™ï¼š3 å¹´

ä½¿ç”¨æ–¹æ³•ï¼šç…¥è†šä¿é¤Šçµ„é€£çºŒä½¿ç”¨ 4 å‘¨(28å¤©)ç‚º 1 å€‹å‘¨æœŸï¼Œå®Œæˆ 4 å‘¨ç…¥è†šä¿é¤Šå¾Œï¼Œè«‹é–“éš” 2 å€‹æœˆï¼Œå†é€²è¡Œä¸€æ¬¡ 4 å‘¨çš„ç…¥è†šä¿é¤Šç¨‹åºï¼Œä»¥ç¶­æŒè‚Œè†šç…¥æ–°èˆ‡å¥åº·çš„æœ€ä½³ç‹€æ…‹ã€‚
------------------------------
âœ…æ™ºèƒ½ç…¥è†šç¾Žè‚Œå„€
å¯å”åŠ©æ¸…é™¤æ¯›å­”é«’æ±™èˆ‡è€å»¢è§’è³ªï¼Œä¿®è­·ç…¥æ–°è‚Œè†šã€‚æ­é…ç…¥è†šä¿é¤Šçµ„æå‡83%çš„åŽ»è§’è³ªæ•ˆæžœ*ä¸¦å¯ä½¿æŠ—æ°§åŒ–åŠ›é”10å€*ã€‚

æœ‰å…©ç¨®æ¨¡å¼ :
å¸æ·¨æ¨¡å¼å¯æ¸…é™¤æ¯›å­”é«’æ±™èˆ‡è€å»¢è§’è³ªã€‚
å¤§å¸é ­ï¼šé©ç”¨æ–¼é¡é ­ã€è‡‰é °å’Œä¸‹å·´ ã€‚
å°å¸é ­ï¼šé©ç”¨æ–¼é¼»å­ç­‰è¼ƒå°çš„ç¸«éš™éƒ¨ä½ ã€‚
ç²¾è¯æ¨¡å¼æ­é…ç´…å…‰ç…¥è†šé ­ä½¿ç”¨ï¼Œå¯åŠ ä¹˜ç²¾è¯æŠ—æ°§åŒ–èˆ‡ä¿®è­·æ•ˆæžœã€‚

*ç›¸è¼ƒå–®ç¨ä½¿ç”¨ç…¥è†šå‡è† 
*ç²¾è¯æ¨¡å¼æ­é…ç…¥è†šç²¾è¯ä½¿ç”¨

å…¨è†šè³ªé©ç”¨ã€‚æ•æ„Ÿè‚Œè†š/å•é¡Œè‚Œè†šï¼Œè«‹æ´½è©¢çš®è†šç§‘é†«ç”Ÿã€‚
è‹¥æœ‰ä»¥ä¸‹æƒ…å½¢æ™‚ï¼Œè«‹å‹¿ä½¿ç”¨æ™ºèƒ½ç…¥è†šç¾Žè‚Œå„€ï¼š
â€¢ è‡‰éƒ¨å…·æœ‰å¡«å……ç‰©ï¼ˆä¾‹å¦‚ï¼šé‡‘å±¬ã€çŸ½è† ç­‰ï¼‰ã€‚
â€¢ æ‚£æœ‰æ¿•ç–¹ã€çš®è†šç‚Žæˆ–å…¶ä»–çš®è†šç—…ã€‚
â€¢ æ‡·å­•æˆ–å“ºä¹³ä¸­ã€‚
â€¢ å…¶ä»–ç–¾ç—…å’Œå„ç¨®æ‰‹è¡“å¾Œè€…ï¼Œè«‹å‘æ‚¨çš„é†«ç”Ÿè«®è©¢ã€‚

é‡é‡:232.5g(å„€å™¨), 85.2g(åº•åº§)

æ°´å®¹é‡è«‹é¿å…è¶…éŽMaxç·šï¼Œä»¥é¿å…åœ¨çµ„è£æ°´ç®±éŽç¨‹ä¸­ï¼Œæ°´å¯èƒ½æœƒå¾žå¸é ­ä¸­æº¢å‡ºã€‚
ç•¶å»¢æ°´ç®±è£æ»¿æ°´æ™‚ï¼Œè«‹å‹¿æ–æ™ƒã€å‚¾å€’æˆ–é¡›å€’å„€å™¨ã€‚
å»ºè­°ä½¿ç”¨è»Ÿæ°´/ç´”æ°´/éŽæ¿¾æ°´ï¼Œä»¥ä½¿å„€å™¨ç™¼æ®æœ€ä½³æ€§èƒ½ï¼Œé™ä½Žå„€å™¨æ•…éšœæå£žçš„æ©ŸçŽ‡ã€‚
å»ºè­°æ¯æ¬¡ä½¿ç”¨å¾Œæ¸…æ½”å„€å™¨ï¼Œæˆ–æ¯ä¸€å‘¨è‡³å°‘æ¸…æ½”ä¸€æ¬¡ã€‚æ¸…æ´—æ–¹å¼è«‹è©³è¦‹ç”¢å“ä½¿ç”¨èªªæ˜Žæ›¸ã€‚
å­˜æ”¾æ–¼ä¹¾ç‡¥é™°æ¶¼çš„ç’°å¢ƒã€‚è‹¥è¦æ”¶ç´æ™ºèƒ½ç…¥è†šç¾Žè‚Œå„€å‰ï¼Œè«‹ç¢ºä¿å®ƒæ˜¯ä¹¾æ·¨åŠä¹¾ç‡¥çš„ã€‚
------------------------------

2 ç¨®ä¿é¤Šç¨‹åºï¼šåˆ†ç‚ºç…¥è†šæ—¥å’Œéžç…¥è†šæ—¥ã€‚
åƒ…åœ¨ç…¥è†šæ—¥ä½¿ç”¨ç…¥è†šå‡è† ï¼Œè«‹å‹¿æ¯æ—¥é€£çºŒä½¿ç”¨ç…¥è†šå‡è† ã€‚
åœ¨ä¸€é€±7å¤©çš„ä¿é¤Šç¨‹åºä¸­ï¼Œåƒ…éœ€è¦æ–¼ç¬¬ 1 å¤©èˆ‡ç¬¬ 4 å¤©çš„å¤œé–“ä½¿ç”¨ç…¥è†šå‡è† ã€‚

âœ…ç…¥è†šå‡è†  (å¤œé–“ä½¿ç”¨â˜¾):
åœ¨ç¬¬ 1 å¤©èˆ‡ç¬¬ 4 å¤©ç…¥è†šæ—¥çš„å¤œé–“ä¿é¤Šç¨‹åºä¸­ï¼Œæ½”è†šå¾Œï¼ŒæŒ‰å£“ç”¢å“6-8æ¬¡ï¼Œä½¿ç”¨æŒ‡å°–å¡—æŠ¹å…¨è‡‰ï¼Œç„¶å¾Œéœå€™8åˆ†é˜ï¼Œå†ç”¨æ¸…æ°´æ´—æ·¨ã€‚
ä½¿ç”¨æ™‚è«‹é¿é–‹çœ¼å‘¨è‚Œè†šã€‚è«‹åƒé–±ç”¢å“ç›’èƒŒé¢çš„è©³ç´°æ­¥é©Ÿã€‚

âœ…ç…¥è†šç²¾è¯ (æ—¥å¤œä½¿ç”¨â˜¼ â˜¾): 
åœ¨æ—¥é–“å’Œå¤œé–“æ½”è†šå¾Œï¼Œå…ˆä½¿ç”¨åŒ–å¦æ°´/æŸ”è†šæ°´ï¼Œå†æŒ‰å£“æœ¬ç”¢å“2æ¬¡ï¼Œä½¿ç”¨æŒ‡å°–å¡—æŠ¹å…¨è‡‰ï¼Œè¼•æŸ”æŒ‰æ‘©è‡³è‚Œè†šå¸æ”¶ï¼Œå¾ŒçºŒä½¿ç”¨ä¹³æ¶²/ä¹³éœœï¼Œä¸¦æ–¼æ—¥é–“åŠ å¼·é˜²æ›¬ã€‚
ä½¿ç”¨æ™‚è«‹é¿é–‹çœ¼å‘¨è‚Œè†šã€‚è«‹åƒé–±ç”¢å“ç›’èƒŒé¢çš„è©³ç´°æ­¥é©Ÿã€‚

ä½¿ç”¨æ³¨æ„äº‹é …ï¼š
åƒ…ä¾›å¤–ç”¨ï¼Œä½¿ç”¨æ™‚è«‹å‹¿æ²¾åˆ°çœ¼ç›ã€‚ä¸æ…Žæ»²å…¥çœ¼ç›æ™‚ï¼Œè«‹ä»¥æ¸…æ°´æ²–æ·¨å³å¯ã€‚ä½¿ç”¨å¾Œè‹¥ç™¼ç”Ÿçš®è†šç´…è…«ã€éŽæ•æˆ–åˆºæ¿€ç­‰æƒ…å½¢ï¼Œè«‹åœæ­¢ä½¿ç”¨ï¼Œä¸¦è«®è©¢é†«å¸«ã€‚è«‹å‹¿ç½®æ–¼å­©ç«¥ä¼¸æ‰‹å¯åŠä¹‹è™•ã€‚

å»ºè­°å…©å€‹ç”¢å“ä¸€èµ·ä½¿ç”¨æ‰èƒ½åœ¨ 4 å‘¨å…§ç²å¾—æœ€ä½³åŠŸæ•ˆã€‚
ä½¿ç”¨ä¸€æ¬¡å³å¯çœ‹åˆ°æ•ˆæžœï¼Œè‚Œè†šæœƒæ„Ÿè¦ºæ›´ç·Šç·»ï¼Œçœ‹èµ·ä¾†æ›´å…‰æ»‘ã€æ˜Žäº®ã€‚
å› æ‡·å­•æœŸé–“çš„çš®è†šç‹€æ³æœƒæ”¹è®Šï¼Œå»ºè­°é€²è¡Œç…¥è†šä¿é¤Šå‰å…ˆèˆ‡æ‚¨çš„é†«å¸«è¨Žè«–ã€‚",4.97,97.0,84,3.97 hours,Mon Dec 14 2015 09:33:27 GMT+0000 (Coordinated Universal Time),5849,"[{""name"":""ç…¥è†šä¿é¤Šçµ„"",""variations"":[""ç…¥è†šå‡è† +ç…¥è†šç²¾è¯"",""æ™ºèƒ½ç…¥è†šç¾Žè‚Œå„€""]}]",https://shopee.tw,Amway,100630.0,False,,"[{""name"":""model"",""value"":""æ™ºèƒ½ç…¥è†šç¾Žè‚Œå„€""}]",0.0,https://shopee.tw/%E5%85%B6%E4%BB%96%E9%86%AB%E7%BE%8E%E6%B8%85%E6%BD%94%E4%BF%9D%E9%A4%8A-cat.11041691.11041752.11041753,,,,
https://shopee.co.id/LAMPU-BOHLAM-LED-PREMIER-18W-25W-30W-40W-50W-i.334385731.18490731346,18490731346,"LAMPU BOHLAM LED PREMIER 18W, 25W, 30W, 40W & 50W",31,4.92,12.0,,50000,IDR,467.0,2.0,"[""https://down-id.img.susercontent.com/file/id-11134207-7qul9-lj5uqjxzlb4zc5"",""https://down-id.img.susercontent.com/file/id-11134207-7qul9-lj5uqjxzlb4zc5_tn"",""https://down-id.img.susercontent.com/file/id-11134207-7qukx-lj5uqjxzmppf12_tn"",""https://down-id.img.susercontent.com/file/id-11134207-7qul9-lj5uqjxzo49v53_tn"",""https://down-id.img.susercontent.com/file/id-11134207-7qukz-lj5uqjxzpiub7b_tn"",""https://down-id.img.susercontent.com/file/id-11134207-7qukz-lj5uqjxzqxer76_tn"",""https://deo.shopeemobile.com/shopee/shopee-pcmall-live-sg/5222d4ab0d91a1eca7959754168d7593.png"",""https://deo.shopeemobile.com/shopee/shopee-pcmall-live-sg/83e10a1f95cb083579c089448ef8dd3b.png""]",[],Majubersama_elc,https://shopee.co.id/majubersama_elc,"[""Shopee"",""Electronics"",""Lighting"",""Light Bulbs""]","[{""name"":""Merek""},{""name"":""Jenis Lampu"",""value"":""Bohlam""},{""name"":""Warna Cahaya"",""value"":""Putih Terang (4,000K)""},{""name"":""Stok"",""value"":""467""},{""name"":""Dikirim Dari"",""value"":""KOTA BEKASI""}]","*Hemat Energi hingga 90% dibandingkan dengan lampu pijar
*Dapat beroperasi pada tegangan 100 - 240 V
*Lumen 2850
*Power Factor : â‰¥0.5
*Sudut Pencahayaan : 240Â°
*CRI : >80
*Umur lampu : 15.000 jam
*Dimensi Produk (mm) : Ã˜95 x 187mm
*FROSTED COVER, tahan benturan
*Tahan lama hingga 15.000 jam dan hemat biaya perawatan
*Terbuat dari bahan PBT (Polybutylene terephthalate)
*Tahan panas hingga 150Âº C
*Cahaya Lampu Putih (Cool Daylight)
*Fitting E27",4.8,307.0,93,hitungan jam,35 bulan lalu,17000,"[{""name"":""Ukuran"",""variations"":[""18watt"",""25watt"",""30watt"",""40watt"",""50watt""]}]",,,,,,,,,,,,
